,,,,,,,,,,,,,,,,,,,,
,Course,Player,Time (sec),Division,Date,Event,Video proof,Filmer,Camera,Shoes,+/- (sec),+/- (%),Points,Course ID,Player ID,Run ID,Country,🏴,new CR?,former CR holder?
,CPRC 1,Taylor Carpenter,?,F,?,,,,,,,,,,,,,,,
,CHAPU 1,Taylor Carpenter,?,F,?,,,,,,,,,,,,,,,
,CHAPU 1,Taylor Carpenter,?,F,?,,,,,,,,,,,,,,,
,AURARIA 1,Joey Jepsen,?,M,?,,,,,,,,,,,,,,,
,HARBOURFRONT 1,Joey Jepsen,?,M,?,,,,,,,,,,,,,,,
,RINO,Taylor Carpenter,?,F,?,,,,,,,,,,,,,,,
,,,,,,,,,,,,,,,,,,,,
,,,,,,,,,,,,,,,,,,,,
,CONFLUENCE,Benati Louvouezo,9.44,M,2026-05-10,ASR OPEN,,,,,,,,,,,,,,
,CONFLUENCE,Cosmo Palmer,13.04,M,2026-05-10,ASR OPEN,,,,,,,,,,,,,,
,RIVERPOINT,Cosmo Palmer,20.21,M,2026-05-10,ASR OPEN,,,,,,,,,,,,,,
,RIVERPOINT,Michael Sliger,17.43,M,2026-05-10,ASR OPEN,,,,,,,,,,,,,,
,PORTAGE 2,Muhammad Steed Baloch,19.78,M,2026-05-07,ASR OPEN,,,,,,,,,,,,,,
,KAIMUKI 1,Kaena Sylva,14.12,M,2026-05-04,ASR OPEN,,,,,,,,,,,,,,
,KAIMUKI 1,Matt Jang,14.03,M,2026-05-04,ASR OPEN,,,,,,,,,,,,,,
,UH1,Parker Krueger,12.97,M,2026-05-03,ASR OPEN,,,,,,,,,,,,,,
,UH1,Roland Turner,10.90,M,2026-05-03,ASR OPEN,,,,,,,,,,,,,,
,FUNDA,Luis Alberto García,25.42,M,2026-05-03,ASR OPEN,,,,,,,,,,,,,,
,FUNDA,Luis Faz,18.13,M,2026-05-03,ASR OPEN,,,,,,,,,,,,,,
,UNLV,Nick Faircloth,12.38,M,2026-05-02,ASR OPEN,,,,,,,,,,,,,,
,NOGUCHI,Camille Thionville,30.01,F,2026-05-02,ASR OPEN,,,,,,,,,,,,,,
,NOGUCHI,Ann Hoang,22.96,F,2026-05-02,ASR OPEN,,,,,,,,,,,,,,
,NOGUCHI,Lavender Lutz,28.04,F,2026-05-02,ASR OPEN,,,,,,,,,,,,,,
,TIVOLI,Amy Jepsen,25.13,F,2026-05-02,ASR OPEN,,,,,,,,,,,,,,
,KĀNEWAI,Parker Krueger,24.35,M,2026-05-02,ASR OPEN,,,,,,,,,,,,,,
,KĀNEWAI,Kaena Sylva,17.19,M,2026-05-02,ASR OPEN,,,,,,,,,,,,,,
,KĀNEWAI,Roland Turner,14.32,M,2026-05-02,ASR OPEN,,,,,,,,,,,,,,
,PORTAGE 1,Muhammad Steed Baloch,24.30,M,2026-05-01,ASR OPEN,,,,,,,,,,,,,,
,UNAM 1,Javier Rodriguez Alvarez,12.28,M,2026-04-27,,,,,,,,,,,,,,,
,HIGHLAND,Kyle Sherk,19.11,M,2026-04-25,ASR OPEN,,,,,,,,,,,,,,
,MILLENNIUM,Vanessa Sherk,33.79,F,2026-04-25,ASR OPEN,,,,,,,,,,,,,,
,HIGHLAND,Vanessa Sherk,29.26,F,2026-04-25,ASR OPEN,,,,,,,,,,,,,,
,MILLENNIUM,Di Li,70.07,M,2026-04-25,ASR OPEN,,,,,,,,,,,,,,
,MOREELSEPARK,Ilja Kocken,25.01,M,2026-04-23,ASR OPEN,,,,,,,,,,,,,,
,MOREELSEPARK,Tim van Oosterhout,28.19,M,2026-04-23,ASR OPEN,,,,,,,,,,,,,,
,MOREELSEPARK,Ward Weistra,19.87,M,2026-04-23,ASR OPEN,,,,,,,,,,,,,,
,GARRISON,Amy Jepsen,36.11,F,2026-04-22,ASR OPEN,,,,,,,,,,,,,,
,MCILVOY,Vanessa Sherk,23.76,F,2026-04-22,ASR OPEN,,,,,,,,,,,,,,
,KAKA'AKO,Taylor Carpenter,14.22,F,2026-04-21,ASR OPEN,https://youtube.com/shorts/gSGS5YEO9NU,Ryan Ford,,,,,,,,,,,,
,KAKA'AKO,Ryan Ford,14.50,M,2026-04-21,ASR OPEN,https://www.instagram.com/p/DXkv-9tD7R6/,Taylor Carpenter,,,,,,,,,,,,
,UNAM 1,Ella Bucio,16.31,F,2026-04-19,,https://youtube.com/shorts/PPSz2T-HZLA,,,,,,,,,,,,,
,UNAM 1,Marlene Coronel,18.51,F,2026-04-19,,,,,,,,,,,,,,,
,UNAM 1,George Munro,13.52,M,2026-04-19,,,,,,,,,,,,,,,
,UNAM 1,Arturo Camarena Torres,12.81,M,2026-04-19,,https://youtube.com/shorts/r1Ain5Zkiww,,,,,,,,,,,,,
,GRAN CANAL 2,Ryan Ford,18.01,M,2026-04-15,ASR OPEN,,Taylor Carpenter,,,,,,,,,,,,
,GRAN CANAL 2,Ryan Taggart,18.75,M,2026-04-15,ASR OPEN,,Ryan Ford,,,,,,,,,,,,
,PRADOS,Arturo Camarena Torres,13.92,M,2026-04-15,ASR OPEN,,,,,,,,,,,,,,
,LOMAS VERDES,Joey Jepsen,9.14,M,2026-04-13,ASR OPEN,https://youtube.com/shorts/8Vhcl_I0ZCQ,Ryan Ford,,,,,,,,,,,,
,LOMAS VERDES,Arturo Camarena Torres,9.48,M,2026-04-13,ASR OPEN,https://www.instagram.com/p/DXHvjGSDoyv/,Ryan Ford,,,,,,,,,,,,
,RINO,Amy Jepsen,25.77,F,2026-04-12,,,,,,,,,,,,,,,
,RINO,Di Li,40.07,M,2026-04-12,,,,,,,,,,,,,,,
,PARCUR,Arturo Camarena Torres,9.71,M,2026-04-12,ASR OPEN,,Ryan Ford,,,,,,,,,,,,
,UNAM 3,Arturo Camarena Torres,8.93,M,2026-04-11,,,Ryan Ford,,,,,,,,,,,,
,ATLANTIS,Arturo Camarena Torres,8.75,M,2026-04-10,ASR OPEN,,Ryan Ford,,,,,,,,,,,,
,ATLANTIS,Joey Jepsen,7.71,M,2026-04-10,ASR OPEN,,Ryan Ford,,,,,,,,,,,,
,GRAN CANAL 1,Ella Bucio,11.97,F,2026-04-09,ASR OPEN,https://youtube.com/shorts/-2sW3wqLVNM,Ryan Ford,,,,,,,,,,,,
,GRAN CANAL 1,Arturo Camarena Torres,10.46,M,2026-04-09,ASR OPEN,https://youtube.com/shorts/_mPrNVXO2yI,Ryan Ford,,,,,,,,,,,,
,CHAPU 1,Joey Jepsen,13.75,M,2026-04-09,ASR OPEN,https://youtube.com/shorts/P7mUyiy8OEc,Ryan Ford,,,,,,,,,,,,
,FUNDA,Luis Faz,19.76,M,2026-04-07,ASR OPEN,,Ryan Ford,,,,,,,,,,,,
,EXPO 2,Joey Jepsen,7.38,M,2026-04-06,,https://youtube.com/shorts/u39Za4EB9SI,Ryan Ford,,,,,,,,,,,,
,EXPO 1,Taylor Carpenter,21.67,F,2026-04-06,ASR OPEN,https://youtube.com/shorts/v1W7NKFHxYw,Ryan Ford,,,,,,,,,,,,
,EXPO 1,Max Boice,15.63,M,2026-04-06,ASR OPEN,,Ryan Ford,,,,,,,,,,,,
,EXPO 1,Ryan Ford,23.65,M,2026-04-06,ASR OPEN,,Ryan Ford,,,,,,,,,,,,
,EXPO 1,Joey Jepsen,13.44,M,2026-04-06,ASR OPEN,https://youtube.com/shorts/wY1yWdYvFro,Ryan Ford,,,,,,,,,,,,
,ACC,Kyle Sherk,19.50,M,2026-04-05,ASR OPEN,,,,,,,,,,,,,,
,ACC,Vanessa Sherk,29.13,F,2026-04-05,ASR OPEN,,,,,,,,,,,,,,
,POINT GREY,Benati Louvouezo,12.10,M,2026-04-05,ASR OPEN,,,,,,,,,,,,,,
,UMC,Amy Jepsen,23.42,F,2026-04-05,,,,,,,,,,,,,,,
,FUNDA,Marlene Coronel,26.25,F,2026-04-04,ASR OPEN,https://www.instagram.com/p/DWxg_x1EeJN/,Ryan Ford,,,,,,,,,,,,
,FUNDA,Arturo Camarena Torres,19.73,M,2026-04-04,ASR OPEN,https://www.instagram.com/p/DWxNalLjlV0/,Ryan Ford,,,,,,,,,,,,
,FUNDA,Luis Alberto García,27.96,M,2026-04-04,ASR OPEN,,Ryan Ford,,,,,,,,,,,,
,FUNDA,Jorge Armando Sanchez,23.43,M,2026-04-04,ASR OPEN,,Ryan Ford,,,,,,,,,,,,
,FUNDA,Maukour,24.39,M,2026-04-04,ASR OPEN,,Ryan Ford,,,,,,,,,,,,
,FUNDA,Isaac,25.79,M,2026-04-04,ASR OPEN,,Ryan Ford,,,,,,,,,,,,
,FUNDA,Erick Saenz,26.04,M,2026-04-04,ASR OPEN,,Ryan Ford,,,,,,,,,,,,
,FUNDA,Cheko,22.21,M,2026-04-04,ASR OPEN,,Ryan Ford,,,,,,,,,,,,
,FUNDA,Lalo Santiago,26.45,M,2026-04-04,ASR OPEN,,Ryan Ford,,,,,,,,,,,,
,FUNDA,Mau Vertiz,21.46,M,2026-04-04,ASR OPEN,,Ryan Ford,,,,,,,,,,,,
,FUNDA,Emilia Francois,40.16,F,2026-04-04,ASR OPEN,,Ryan Ford,,,,,,,,,,,,
,FUNDA,Leon van der Zouwen,18.34,M,2026-04-04,ASR OPEN,,Ryan Ford,,,,,,,,,,,,
,FUNDA,Taylor Carpenter,25.14,F,2026-04-04,ASR OPEN,,Ryan Ford,,,,,,,,,,,,
,FUNDA,Max Boice,22.20,M,2026-04-04,ASR OPEN,,Ryan Ford,,,,,,,,,,,,
,FUNDA,Joey Jepsen,17.71,M,2026-04-04,ASR OPEN,,Ryan Ford,,,,,,,,,,,,
,FUNDA,Taylor Carpenter,27.21,F,2026-04-02,ASR OPEN,https://youtube.com/shorts/aTKkC6UVlPI,Ryan Ford,,,,,,,,,,,,
,FUNDA,Max Boice,22.86,M,2026-04-02,ASR OPEN,,Ryan Ford,,,,,,,,,,,,
,FUNDA,Joey Jepsen,19.60,M,2026-04-02,ASR OPEN,https://youtube.com/shorts/ThkpzLI1gIc,Ryan Ford,,,,,,,,,,,,
,HILL,Joey Jepsen,14.66,M,2026-03-29,ASR OPEN,,,,,,,,,,,,,,
,HILL,Di Li,86.07,M,2026-03-29,ASR OPEN,,Amy Jepsen,,,,,,,,,,,,
,LANIKAI,Ryan Ford,19.78,M,2026-03-27,ASR OPEN,,Taylor Carpenter,,,,,,,,,,,,
,LANIKAI,Taylor Carpenter,18.28,F,2026-03-27,ASR OPEN,https://youtube.com/shorts/UxTDBQhU2nI,Ryan Ford,,,,,,,,,,,,
,WILL VILL,Vanessa Sherk,24.06,F,2026-03-21,,,Kyle Sherk,,,,,,,,,,,,
,WILL VILL,Kyle Sherk,14.05,M,2026-03-21,,,Vanessa Sherk,,,,,,,,,,,,
,TABLE MESA,Joey Jepsen,7.81,M,2026-03-21,ASR OPEN,https://youtube.com/shorts/xpqDMbTc_n0,,,,,,,,,,,,✅,
,TABLE MESA,Vanessa Sherk,25.51,F,2026-03-21,ASR OPEN,,Kyle Sherk,,,,,,,,,,,,
,TABLE MESA,Kyle Sherk,14.71,M,2026-03-21,ASR OPEN,,Vanessa Sherk,,,,,,,,,,,,
,MINES 2,Kyle Sherk,19.66,M,2026-03-14,,,Vanessa Sherk,,,,,,,,,,,,
,MINES 2,Joey Jepsen,10.60,M,2026-03-14,,https://youtube.com/shorts/kDlRBFf_owQ,,,,,,,,,,,,✅,
,MINES 1,Kyle Sherk,17.82,M,2026-03-14,ASR OPEN,,Vanessa Sherk,,,,,,,,,,,,
,MINES 1,Vanessa Sherk,30.92,F,2026-03-14,ASR OPEN,,Kyle Sherk,,,,,,,,,,,,
,MINES 1,Amy Jepsen,33.73,F,2026-03-14,ASR OPEN,,,,,,,,,,,,,,
,MINES 1,Joey Jepsen,9.29,M,2026-03-14,ASR OPEN,https://youtube.com/shorts/TBSa1xYPvws,,,,,,,,,,,,✅,
,WALLACE 1,Kyle Sherk,23.32,M,2026-03-12,,,Vanessa Sherk,,,,,,,,,,,,
,TABLE MESA,Amy Jepsen,28.13,F,2026-03-11,ASR OPEN,,,,,,,,,,,,,,
,MCILVOY,Amy Jepsen,23.90,F,2026-03-04,ASR OPEN,,Joey Jepsen,,,,,,,,,,,,
,MCILVOY,Joey Jepsen,8.18,M,2026-03-04,ASR OPEN,https://youtube.com/shorts/SCed5fBcuhc,Amy Jepsen,,,,,,,,,,,✅,
,FESTIVAL,Kyle Sherk,27.43,M,2026-03-01,,,,,,,,,,,,,,,
,FESTIVAL,Vanessa Sherk,48.00,F,2026-03-01,,,,,,,,,,,,,,,
,WAIPI'O,Taylor Carpenter,13.95,F,2026-02-28,,https://youtube.com/shorts/CIEgXS01Teg,Ryan Ford,,,,,,,,,,,✅,
,BELMAR,Joey Jepsen,12.36,M,2026-02-25,,https://youtube.com/shorts/K-JsEe0az3g,Amy Jepsen,,,,,,,,,,,✅,
,BELMAR,Amy Jepsen,45.20,F,2026-02-25,,,Joey Jepsen,,,,,,,,,,,,
,PAINTED STAIRS,Vanessa Sherk,40.38,F,2026-02-24,,,Kyle Sherk,,,,,,,,,,,,
,PAINTED STAIRS,Kyle Sherk,27.22,M,2026-02-24,,,Vanessa Sherk,,,,,,,,,,,,
,UU3,Ashton Davis,19.25,M,2026-02-22,,,Benati Louvouezo,,,,,,,,,,,,
,GALLIVAN,Ashton Davis,22.76,M,2026-02-22,,,Benati Louvouezo,,,,,,,,,,,,
,GALLIVAN,Benati Louvouezo,11.89,M,2026-02-22,,https://www.instagram.com/p/DVF7oleDtE_/,Ashton Davis,,,,,,,,,,,✅,
,RINO,Vanessa Sherk,24.82,F,2026-02-22,,,,,,,,,,,,,,,
,CRI CRI,Leon van der Zouwen,11.19,M,2026-02-21,,https://youtube.com/shorts/cXF2T4vIxf0,,,,,,,,,,,,,
,COLISEO,Jean Sánchez,21.47,M,2026-02-15,,,Nate Rolon,,,,,,,,,,,,
,BAUTISTA,Nate Rolon,13.68,M,2026-02-15,,https://www.instagram.com/p/DU0-U8CDq46/,Jean Sánchez,,,,,,,,,,,,
,BAUTISTA,Jean Sánchez,11.96,M,2026-02-15,,https://www.instagram.com/p/DU3Sh1dkYRi/,Nate Rolon,,,,,,,,,,,✅,
,SHERWOOD,Justin Taylor,9.92,M,2026-02-14,,https://www.instagram.com/p/DUwoz-oj0Dk/,,,,,,,,,,,,✅,
,ACC,Joey Jepsen,10.28,M,2026-02-14,,https://www.instagram.com/p/DU9bRS1gZgD/,Amy Jepsen,,,,,,,,,,,✅,
,CPRC 1,Autumn Goodridge,32.95,F,2026-02-07,,,,,,,,,,,,,,,
,CPRC 1,Rob Schihl,19.03,M,2026-02-07,,,,,,,,,,,,,,,
,UH2,Ryan Ford,9.47,M,2026-02-02,,https://www.instagram.com/p/DUT6n0GEkW4/,Taylor Carpenter,,,,,,,,,,,,
,PCHS,Roland Turner,9.87,M,2026-01-31,,https://www.instagram.com/p/DUctERAj0ae/,Ryan Ford,,,,,,,,,,,✅,
,KAPOLEI,Matt Jang,9.96,M,2026-01-24,,https://youtube.com/shorts/hFOY0SS9o20,Ryan Ford,,,,,,,,,,,✅,
,KAPOLEI,Andrew Cavuto,11.98,M,2026-01-24,,,Ryan Ford,,,,,,,,,,,,
,KAPOLEI,Kaena Sylva,12.42,M,2026-01-24,,,Ryan Ford,,,,,,,,,,,,
,KAPOLEI,Taylor Carpenter,11.83,F,2026-01-24,,https://youtube.com/shorts/dp228pIYYk8,Ryan Ford,,,,,,,,,,,✅,
,KAPOLEI,Lisa Eckert,15.56,F,2026-01-24,,,Ryan Ford,,,,,,,,,,,,
,JAFFA,Dima Domakov,14.66,M,2026-01-24,,,,,,,,,,,,,,✅,
,JAFFA,Maxim Mirozni,16.50,M,2026-01-24,,https://www.instagram.com/p/DUNcFTNDVn0/,,,,,,,,,,,,,
,JAFFA,Oren Elhanan,17.88,M,2026-01-24,,,,,,,,,,,,,,,
,JAFFA,Yuval Salah,20.30,M,2026-01-24,,,,,,,,,,,,,,,
,PCHS,Taylor Carpenter,15.25,F,2026-01-21,,https://youtube.com/shorts/wNGrUfNEFEM,Ryan Ford,,,,,,,,,,,✅,
,SAWS,Benati Louvouezo,14.46,M,2026-01-11,,,,,,,,,,,,,,✅,
,SAWS,Stephen McCarty,14.94,M,2026-01-11,,,,,,,,,,,,,,,
,SAWS,Carson Palmer,15.46,M,2026-01-11,,,,,,,,,,,,,,,
,KAPI'OLANI,Matt Jang,12.04,M,2026-01-10,,,Ryan Ford,,,,,,,,,,,,
,KAPI'OLANI,Taylor Carpenter,15.51,F,2026-01-10,,,Ryan Ford,,,,,,,,,,,✅,
,FREEWAY 3,INTERIM TOP TIME,22.00,F,2026-01-01,,,-,,,,,,,,,,,,
,CASABLANCA,INTERIM TOP TIME,24.00,F,2026-01-01,,,-,,,,,,,,,,,,
,ANBAR,INTERIM TOP TIME,31.00,F,2026-01-01,,,-,,,,,,,,,,,,
,BOUKAR,INTERIM TOP TIME,16.00,F,2026-01-01,,,-,,,,,,,,,,,,
,FOLK,INTERIM TOP TIME,26.00,F,2026-01-01,,,-,,,,,,,,,,,,
,LABYRINTH,INTERIM TOP TIME,20.00,F,2026-01-01,,,-,,,,,,,,,,,,
,GDAŃSK,INTERIM TOP TIME,21.00,F,2026-01-01,,,-,,,,,,,,,,,,
,SPEER,INTERIM TOP TIME,21.00,F,2026-01-01,,,-,,,,,,,,,,,,
,CAL,INTERIM TOP TIME,15.00,F,2026-01-01,,,-,,,,,,,,,,,,
,LOS CABOS,INTERIM TOP TIME,24.00,F,2026-01-01,,,-,,,,,,,,,,,,
,RAPID,INTERIM TOP TIME,15.00,F,2026-01-01,,,-,,,,,,,,,,,,
,BAHEN,INTERIM TOP TIME,23.00,F,2026-01-01,,,-,,,,,,,,,,,,
,PEACHTREE,INTERIM TOP TIME,24.00,F,2026-01-01,,,-,,,,,,,,,,,,
,RIVERBANK,INTERIM TOP TIME,23.00,F,2026-01-01,,,-,,,,,,,,,,,,
,MCCARTHY,INTERIM TOP TIME,23.00,F,2026-01-01,,,-,,,,,,,,,,,,
,MINES 2,INTERIM TOP TIME,20.00,F,2026-01-01,,,-,,,,,,,,,,,,
,COTTONWOOD 2,INTERIM TOP TIME,17.00,F,2026-01-01,,,-,,,,,,,,,,,,
,NEURO,INTERIM TOP TIME,30.00,F,2026-01-01,,,-,,,,,,,,,,,,
,LINEAL,INTERIM TOP TIME,30.00,F,2026-01-01,,,-,,,,,,,,,,,,
,JACKSONVILLE,INTERIM TOP TIME,22.00,F,2026-01-01,,,-,,,,,,,,,,,,
,GRAN CANAL 2,INTERIM TOP TIME,14.00,M,2026-01-01,,,-,,,,,,,,,,,,
,SEWELL,INTERIM TOP TIME,19.00,F,2026-01-01,,,-,,,,,,,,,,,,
,WALLACE 2,INTERIM TOP TIME,38.00,F,2026-01-01,,,-,,,,,,,,,,,,
,VILLARROEL,INTERIM TOP TIME,21.00,F,2026-01-01,,,-,,,,,,,,,,,,
,PONTINHA,INTERIM TOP TIME,31.00,F,2026-01-01,,,-,,,,,,,,,,,,
,JURONG,INTERIM TOP TIME,32.00,F,2026-01-01,,,-,,,,,,,,,,,,
,RED ROCKS,INTERIM TOP TIME,17.00,F,2026-01-01,,,-,,,,,,,,,,,,
,WATERFRONT,INTERIM TOP TIME,27.00,F,2026-01-01,,,-,,,,,,,,,,,,
,HANCE 1,INTERIM TOP TIME,21.00,F,2026-01-01,,,-,,,,,,,,,,,,
,BEAN LOG,INTERIM TOP TIME,21.00,F,2026-01-01,,,-,,,,,,,,,,,,
,WYOMING,INTERIM TOP TIME,16.00,F,2026-01-01,,,-,,,,,,,,,,,,
,URBAN LIFE,INTERIM TOP TIME,31.00,F,2026-01-01,,,-,,,,,,,,,,,,
,SFU,INTERIM TOP TIME,16.00,F,2026-01-01,,,-,,,,,,,,,,,,
,LVCH,INTERIM TOP TIME,17.00,F,2026-01-01,,,-,,,,,,,,,,,,
,HCH,INTERIM TOP TIME,13.00,F,2026-01-01,,,-,,,,,,,,,,,,
,NSU,INTERIM TOP TIME,16.00,F,2026-01-01,,,-,,,,,,,,,,,,
,CSN,INTERIM TOP TIME,26.00,F,2026-01-01,,,-,,,,,,,,,,,,
,TOWNSHIP 9,INTERIM TOP TIME,24.00,F,2026-01-01,,,-,,,,,,,,,,,,
,BAUTISTA,INTERIM TOP TIME,21.00,F,2026-01-01,,,-,,,,,,,,,,,,
,VÓRTICE,INTERIM TOP TIME,29.00,F,2026-01-01,,,-,,,,,,,,,,,,
,MEDICAL,INTERIM TOP TIME,33.00,F,2026-01-01,,,-,,,,,,,,,,,,
,JAFFA,INTERIM TOP TIME,23.00,F,2026-01-01,,,-,,,,,,,,,,,,
,UNAM 2,INTERIM TOP TIME,12.00,F,2026-01-01,,,-,,,,,,,,,,,,
,PSU,INTERIM TOP TIME,22.00,F,2026-01-01,,,-,,,,,,,,,,,,
,SAWS,INTERIM TOP TIME,23.00,F,2026-01-01,,,-,,,,,,,,,,,,
,KELLER,INTERIM TOP TIME,15.00,F,2026-01-01,,,-,,,,,,,,,,,,
,FREEWAY 1,INTERIM TOP TIME,15.00,F,2026-01-01,,,-,,,,,,,,,,,,
,LAM,INTERIM TOP TIME,25.00,F,2026-01-01,,,-,,,,,,,,,,,,
,COAL HARBOUR,INTERIM TOP TIME,18.00,F,2026-01-01,,,-,,,,,,,,,,,,
,UU3,INTERIM TOP TIME,13.00,F,2026-01-01,,,-,,,,,,,,,,,,
,UTAH,INTERIM TOP TIME,25.00,F,2026-01-01,,,-,,,,,,,,,,,,
,UU2,INTERIM TOP TIME,20.00,F,2026-01-01,,,-,,,,,,,,,,,,
,GAS WORKS 1,INTERIM TOP TIME,17.00,F,2026-01-01,,,-,,,,,,,,,,,,
,GREEN LAKE,INTERIM TOP TIME,16.00,F,2026-01-01,,,-,,,,,,,,,,,,
,BFI,INTERIM TOP TIME,15.00,F,2026-01-01,,,-,,,,,,,,,,,,
,BLACK HILLS,INTERIM TOP TIME,12.00,M,2026-01-01,,,-,,,,,,,,,,,,
,ORMSUND,INTERIM TOP TIME,16.00,M,2026-01-01,,,-,,,,,,,,,,,,
,TOLERÀNCIA,INTERIM TOP TIME,15.00,M,2026-01-01,,,-,,,,,,,,,,,,
,WATER GARDEN,INTERIM TOP TIME,10.00,M,2026-01-01,,,-,,,,,,,,,,,,
,LANIKAI,INTERIM TOP TIME,15.00,M,2026-01-01,,,-,,,,,,,,,,,,
,COTTONWOOD 1,INTERIM TOP TIME,11.00,M,2026-01-01,,,-,,,,,,,,,,,,
,RUINAS,Brendan Kittredge,47.94,M,2025-12-11,,https://www.instagram.com/reel/DSKshUPDU9G/,Ryan Ford,,,,,,,,,,,,
,RUINAS,Thalia Rivera,35.63,F,2025-12-11,,,Ryan Ford,,,,,,,,,,,,
,NAVFAC,Taylor Carpenter,9.97,F,2025-12-11,,https://www.instagram.com/p/DSNiWMvgk4I/,Ryan Ford,,,,,,,,,,,,
,PEÑUELAS,Nate Rolon,20.76,M,2025-12-10,,,Ryan Ford,,,,,,,,,,,,
,PEÑUELAS,Joel Rivera,27.69,M,2025-12-10,,,Ryan Ford,,,,,,,,,,,,
,PEÑUELAS,Taylor Carpenter,23.40,F,2025-12-10,,,Ryan Ford,,,,,,,,,,,,
,PEÑUELAS,Thalia Rivera,34.57,F,2025-12-10,,,Ryan Ford,,,,,,,,,,,,
,RUINAS,Nate Rolon,19.31,M,2025-12-08,,https://youtube.com/shorts/vz3d7gZEKVo,Ryan Ford,,,,,,,,,,,,
,NAVFAC,Nate Rolon,9.80,M,2025-12-08,,https://youtube.com/shorts/BbalW_SAfgs,Ryan Ford,,,,,,,,,,,,
,BENEFICENCIA,Jean Sánchez,16.43,M,2025-12-07,,https://youtube.com/shorts/C9j6I_2yaFU,Ryan Ford,,,,,,,,,,,,
,BENEFICENCIA,Taylor Carpenter,21.33,F,2025-12-07,,https://youtube.com/shorts/fTJrK4HMva8,Ryan Ford,,,,,,,,,,,,
,RUINAS,Juan Candelario,20.63,M,2025-12-06,,,Ryan Ford,,,,,,,,,,,,
,RUINAS,Taylor Carpenter,21.49,F,2025-12-06,,https://youtube.com/shorts/yvxUbGXOyGU,Ryan Ford,,,,,,,,,,,,
,UMC,Olof Wood,7.80,M,2025-11-11,,,Ryan Ford,,,,,,,,,,,,
,UMC,Max Boice,8.17,M,2025-11-11,,,Ryan Ford,,,,,,,,,,,,
,UMC,Cosmo Palmer,9.85,M,2025-11-11,,https://www.instagram.com/p/DQ7yQGnDpi7/,Ryan Ford,,,,,,,,,,,,
,TIVOLI,Benati Louvouezo,6.80,M,2025-11-08,,https://youtube.com/shorts/lfLMMWKYR94,Ryan Ford,,,,,,,,,,,,
,MILLENNIUM,Benati Louvouezo,8.63,M,2025-11-07,,https://youtube.com/shorts/wdkVYHfEhlY,Ryan Ford,,,,,,,,,,,✅,
,HIGHLAND,Benati Louvouezo,8.16,M,2025-11-07,,https://youtube.com/shorts/k9hNukf1U5o,Ryan Ford,,,,,,,,,,,✅,
,HIGHLAND,Olof Wood,8.96,M,2025-11-07,,,Ryan Ford,,,,,,,,,,,,
,MILLENNIUM,Pete Peterson,17.30,M,2025-11-07,,,Ryan Ford,,,,,,,,,,,,
,MILLENNIUM,Vanessa Sherk,37.60,F,2025-11-07,,,Ryan Ford,,,,,,,,,,,,
,HIGHLAND,Vanessa Sherk,35.03,F,2025-11-07,,,Ryan Ford,,,,,,,,,,,,
,MCILVOY,Karl Ford,27.68,M,2025-11-04,,,Ryan Ford,,,,,,,,,,,,
,MCILVOY,Anne Brown,32.07,F,2025-11-04,,,Ryan Ford,,,,,,,,,,,,
,YORK,Olof Wood,15.26,M,2025-10-27,,https://youtube.com/shorts/d8h6aZ-4mNc,Ryan Ford,,,,,,,,,,,,
,YORK,Taylor Carpenter,24.25,M,2025-10-27,,https://youtube.com/shorts/vOP59SBEueo,Ryan Ford,,,,,,,,,,,,
,HILL,Taylor Carpenter,18.96,F,2025-10-25,,,Ryan Ford,,,,,,,,,,,,
,HILL,Amy Jepsen,67.85,F,2025-10-25,,,Ryan Ford,,,,,,,,,,,,
,SPEER,Olof Wood,13.91,M,2025-10-22,,https://youtube.com/shorts/zrjz6_lE430,Ryan Ford,,,,,,,,,,,,
,SPEER,Michael Sliger,18.11,M,2025-10-22,,,Ryan Ford,,,,,,,,,,,,
,SPEER,Ryan Ford,26.44,M,2025-10-22,,,Taylor Carpenter,,,,,,,,,,,,
,SPEER,Sean Hannah,27.71,M,2025-10-22,,,Ryan Ford,,,,,,,,,,,,
,MCILVOY,Olof Wood,8.33,M,2025-10-21,,https://youtube.com/shorts/y04_uYbCcUg,Ryan Ford,,,,,,,,,,,,
,MCILVOY,Taylor Carpenter,11.80,F,2025-10-21,,https://youtube.com/shorts/baGS85-RITo,Ryan Ford,,,,,,,,,,,,
,UMC,Amy Jepsen,25.94,F,2025-10-20,,,Ryan Ford,,,,,,,,,,,,
,MCILVOY,Joey Jepsen,9.09,M,2025-10-20,,https://youtube.com/shorts/0u4tHc1MnAI,Ryan Ford,,,,,,,,,,,,
,MCILVOY,Amy Jepsen,25.52,F,2025-10-20,,,Ryan Ford,,,,,,,,,,,,
,GARRISON,Joey Jepsen,10.97,M,2025-10-18,,https://youtube.com/shorts/vZDEGqUwDhA,Ryan Ford,,,,,,,,,,,,
,GARRISON,Kaden Lebsack,11.99,M,2025-10-18,,,Ryan Ford,,,,,,,,,,,,
,GARRISON,Michael Sliger,13.05,M,2025-10-18,,,Ryan Ford,,,,,,,,,,,,
,GARRISON,Max Feinberg,14.15,M,2025-10-18,,,Ryan Ford,,,,,,,,,,,,
,GARRISON,Amy Jepsen,40.64,F,2025-10-18,,,Ryan Ford,,,,,,,,,,,,
,STUART,Joey Jepsen,10.89,M,2025-10-18,,https://youtube.com/shorts/Jm3Ivo-0FJo,Ryan Ford,,,,,,,,,,,,
,STUART,Kaden Lebsack,12.69,M,2025-10-18,,,Ryan Ford,,,,,,,,,,,,
,STUART,Max Feinberg,15.05,M,2025-10-18,,,Ryan Ford,,,,,,,,,,,,
,STUART,Michael Sliger,15.29,M,2025-10-18,,,Ryan Ford,,,,,,,,,,,,
,STUART,Amy Jepsen,57.50,F,2025-10-18,,https://www.instagram.com/p/DRcLQM2EUxY/,Ryan Ford,,,,,,,,,,,,
,BLACK HILLS,Taylor Carpenter,16.59,F,2025-10-08,,https://youtube.com/shorts/o_IXibM5tIU,Ryan Ford,,,,,,,,,,,,
,UH3,Taylor Carpenter,13.46,F,2025-09-25,,,Ryan Ford,,,,,,,,,,,,
,PCRC,Ryan Ford,14.22,M,2025-09-24,,,Taylor Carpenter,,,,,,,,,,,,
,PCRC,Taylor Carpenter,13.42,F,2025-09-24,,,Ryan Ford,,,,,,,,,,,,
,UNLV,Joey Jepsen,9.91,M,2025-09-18,,https://youtube.com/shorts/AKkYIj1Mw4o,Ryan Ford,,,,,,,,,,,,
,UNLV,Ryan Ford,14.80,M,2025-09-18,,,Taylor Carpenter,,,,,,,,,,,,
,UNLV,Taylor Carpenter,14.76,F,2025-09-18,,https://youtube.com/shorts/oMpw6CmhlqQ,Ryan Ford,,,,,,,,,,,,
,WINCHESTER,Joey Jepsen,10.16,M,2025-09-17,,https://youtube.com/shorts/FDM3IpvJQx8,Ryan Ford,,,,,,,,,,,,
,WINCHESTER,Taylor Carpenter,13.57,F,2025-09-17,,,Ryan Ford,,,,,,,,,,,,
,USH,Benati Louvouezo,10.62,M,2025-09-16,,https://youtube.com/shorts/gO3VagwBKIs,Ryan Ford,,,,,,,,,,,,
,USH,Taylor Carpenter,17.47,F,2025-09-16,,,Ryan Ford,,,,,,,,,,,,
,UU2,Benati Louvouezo,12.86,M,2025-09-14,,https://youtube.com/shorts/gBBunEKEAIw,Ryan Ford,,,,,,,,,,,,
,UU2,Aidan Goddard,13.79,M,2025-09-14,,,Ryan Ford,,,,,,,,,,,,
,UTAH,Benati Louvouezo,16.10,M,2025-09-14,,https://youtube.com/shorts/EDYHyGnCif4,Ryan Ford,,,,,,,,,,,,
,GALLIVAN,Benati Louvouezo,16.28,M,2025-09-13,,https://youtube.com/shorts/r1zfrPaG99c,Ryan Ford,,,,,,,,,,,,
,GALLIVAN,Ryan Ford,19.82,M,2025-09-13,,,Taylor Carpenter,,,,,,,,,,,,
,GALLIVAN,Taylor Carpenter,20.15,F,2025-09-13,,https://youtube.com/shorts/nmvqTUcGusQ,Ryan Ford,,,,,,,,,,,,
,UU1,Benati Louvouezo,14.22,M,2025-09-12,,https://youtube.com/shorts/ye1Y3yHp7AM,Ryan Ford,,,,,,,,,,,,
,UU1,Taylor Carpenter,23.20,F,2025-09-12,,https://youtube.com/shorts/xDpvkMJVIAo,Ryan Ford,,,,,,,,,,,,
,RHODES 1,Ryan Ford,11.97,M,2025-09-10,,https://youtube.com/shorts/yGPoKlXLpUA,Taylor Carpenter,,,,,,,,,,,,
,RHODES 1,Taylor Carpenter,13.60,F,2025-09-10,,,Ryan Ford,,,,,,,,,,,,
,GAS WORKS 2,Alex Shackleton,9.50,M,2025-09-08,,https://youtube.com/shorts/AG8UqkvtCNU,Ryan Ford,,,,,,,,,,,,
,GAS WORKS 2,Scott Bringe,11.56,M,2025-09-08,,,Ryan Ford,,,,,,,,,,,,
,GAS WORKS 2,Jared Ching,13.16,M,2025-09-08,,,Ryan Ford,,,,,,,,,,,,
,GAS WORKS 2,Taylor Carpenter,13.96,F,2025-09-08,,https://youtube.com/shorts/NBf58XrobHA,Ryan Ford,,,,,,,,,,,,
,DAIRY,Taylor Carpenter,14.38,F,2025-09-04,,https://youtube.com/shorts/jr-m68EVg5g,Ryan Ford,,,,,,,,,,,,
,STEAMSHIP,Ryan Ford,21.40,M,2025-08-27,,https://youtube.com/shorts/XN_fptTlUDQ,Taylor Carpenter,,,,,,,,,,,,
,STEAMSHIP,Taylor Carpenter,21.44,F,2025-08-27,,,Ryan Ford,,,,,,,,,,,,
,COAL HARBOUR,Benati Louvouezo,11.36,M,2025-08-24,,https://youtube.com/shorts/0FlULlojwJY,Ryan Ford,,,,,,,,,,,,
,COAL HARBOUR,Luis Faz,11.64,M,2025-08-24,,,Ryan Ford,,,,,,,,,,,,
,COAL HARBOUR,Joey Jepsen,12.54,M,2025-08-24,,,Ryan Ford,,,,,,,,,,,,
,COAL HARBOUR,Alex Shackleton,12.56,M,2025-08-24,,,Ryan Ford,,,,,,,,,,,,
,IRON WORKS,Luis Faz,7.34,M,2025-08-24,,https://youtube.com/shorts/bgKwKnAl5Fg,Ryan Ford,,,,,,,,,,,,
,IRON WORKS,Joey Jepsen,7.62,M,2025-08-24,,,Ryan Ford,,,,,,,,,,,,
,IRON WORKS,Alex Shackleton,8.99,M,2025-08-24,,,Ryan Ford,,,,,,,,,,,,
,CORDATA,Joey Jepsen,12.27,M,2025-08-20,,https://youtube.com/shorts/-eIEL0uNhas,Ryan Ford,,,,,,,,,,,,
,CORDATA,Keenan Wilkinson,19.26,M,2025-08-20,,,Ryan Ford,,,,,,,,,,,,
,CORDATA,Keir Kelley,25.38,M,2025-08-20,,,Ryan Ford,,,,,,,,,,,,
,CORDATA,Keith Jepsen,31.30,M,2025-08-20,,,Ryan Ford,,,,,,,,,,,,
,CORDATA,Di Li,50.33,M,2025-08-20,,,Ryan Ford,,,,,,,,,,,,
,FREEWAY 2,Matt Jang,11.12,M,2025-08-19,,https://youtube.com/shorts/kjM0ESl-Tmw,Ryan Ford,,,,,,,,,,,,
,FREEWAY 2,Alex Shackleton,11.71,M,2025-08-19,,,Ryan Ford,,,,,,,,,,,,
,FREEWAY 2,Taylor Carpenter,15.25,F,2025-08-19,,https://youtube.com/shorts/gPOipCD9Be4,Ryan Ford,,,,,,,,,,,,
,JEFFERSON,Benati Louvouezo,8.43,M,2025-08-15,,,Bonnie Baxter,,,,,,,,,,,,
,UW,Taylor Carpenter,18.72,F,2025-08-12,,https://youtube.com/shorts/boD5AMuB_tA,Ryan Ford,,,,,,,,,,,,
,UW,Ryan Ford,18.54,M,2025-08-12,,,Ryan Ford,,,,,,,,,,,,
,SHOREWOOD,Alex Shackleton,16.16,M,2025-08-11,,https://youtube.com/shorts/0wmbOET73Ko,Ryan Ford,,,,,,,,,,,,
,SHOREWOOD,Nicholas Van Swol,21.70,M,2025-08-11,,,Ryan Ford,,,,,,,,,,,,
,SHOREWOOD,Cody Winter,25.92,M,2025-08-11,,,Ryan Ford,,,,,,,,,,,,
,SHOREWOOD,Taylor Carpenter,26.32,F,2025-08-11,,,Ryan Ford,,,,,,,,,,,,
,COTTONWOOD 2,Bobby Houser,21.22,M,2025-07-27,,,,,,,,,,,,,,,
,COTTONWOOD 2,Evan Wilson,22.39,M,2025-07-27,,,,,,,,,,,,,,,
,UW,Benati Louvouezo,13.33,M,2025-07-27,,https://youtube.com/shorts/MWXG9xO55iU,Ryan Ford,,,,,,,,,,,,
,UW,Alex Shackleton,15.17,M,2025-07-27,,https://www.instagram.com/p/DMo9VqyAKE7/,Ryan Ford,,,,,,,,,,,,
,UW,Scott Bringe,16.62,M,2025-07-27,,,Ryan Ford,,,,,,,,,,,,
,UW,Tommi Thor,19.22,M,2025-07-27,,,Ryan Ford,,,,,,,,,,,,
,UW,Payton Hanna,20.25,M,2025-07-27,,,Ryan Ford,,,,,,,,,,,,
,UW,Nicholas Van Swol,20.83,M,2025-07-27,,,Ryan Ford,,,,,,,,,,,,
,UW,Berto Graham,20.97,M,2025-07-27,,,Ryan Ford,,,,,,,,,,,,
,UW,Freddy Román,30.22,M,2025-07-27,,,Ryan Ford,,,,,,,,,,,,
,UW,Mark Esparagoza,31.72,M,2025-07-27,,,Ryan Ford,,,,,,,,,,,,
,UW,Sascha Beyer,41.25,M,2025-07-27,,,Ryan Ford,,,,,,,,,,,,
,UW,Di Li,54.55,M,2025-07-27,,,Ryan Ford,,,,,,,,,,,,
,UW,Jane Bellousov,23.35,F,2025-07-27,,https://www.instagram.com/p/DMt_e8-xQKM/,Ryan Ford,,,,,,,,,,,,
,UW,Morgan Jordahl,38.56,F,2025-07-27,,,Ryan Ford,,,,,,,,,,,,
,FREEWAY 1,Benati Louvouezo,9.09,F,2025-07-26,,https://youtube.com/shorts/iEmqmOIXmMA,Ryan Ford,,,,,,,,,,,,
,FREEWAY 1,Ash Whitworth,11.02,M,2025-07-26,,https://www.instagram.com/p/DMmaQ40Osoa/,Ryan Ford,,,,,,,,,,,,
,FREEWAY 1,Noah Roell,12.32,M,2025-07-26,,,Ryan Ford,,,,,,,,,,,,
,FREEWAY 1,Jordan Llanillo,13.13,M,2025-07-26,,,Ryan Ford,,,,,,,,,,,,
,FREEWAY 1,Zach Harris,13.48,M,2025-07-26,,,Ryan Ford,,,,,,,,,,,,
,FREEWAY 1,Berto Graham,13.83,M,2025-07-26,,,Ryan Ford,,,,,,,,,,,,
,FREEWAY 1,James Larson,13.87,M,2025-07-26,,,Ryan Ford,,,,,,,,,,,,
,FREEWAY 1,Nicholas Van Swol,14.50,M,2025-07-26,,,Ryan Ford,,,,,,,,,,,,
,FREEWAY 1,René Scavington,14.54,M,2025-07-26,,,Ryan Ford,,,,,,,,,,,,
,FREEWAY 1,Caleb,14.91,M,2025-07-26,,,Ryan Ford,,,,,,,,,,,,
,FREEWAY 1,Cody Winter,15.74,M,2025-07-26,,,Ryan Ford,,,,,,,,,,,,
,FREEWAY 1,Kole Yager,23.10,M,2025-07-26,,,Ryan Ford,,,,,,,,,,,,
,FREEWAY 1,Di Li,46.24,M,2025-07-26,,,Ryan Ford,,,,,,,,,,,,
,PSU,Benati Louvouezo,13.74,M,2025-07-19,,https://youtube.com/shorts/k9ms3o93Rl8,Ryan Ford,,,,,,,,,,,,
,PSU,Ash Whitworth,17.50,M,2025-07-19,,,Ryan Ford,,,,,,,,,,,,
,PSU,Daniel Brogli,19.49,M,2025-07-19,,https://www.instagram.com/p/DMWZ5aEJ1x2/,Ryan Ford,,,,,,,,,,,,
,PSU,Nicholas Van Swol,20.58,M,2025-07-19,,https://www.instagram.com/p/DMVn2PrP6XT,Ryan Ford,,,,,,,,,,,,
,PSU,Liam Pettee,21.35,M,2025-07-19,,,Ryan Ford,,,,,,,,,,,,
,KELLER,Benati Louvouezo,8.91,M,2025-07-19,,https://youtube.com/shorts/aWhUoJDvV7s,Ryan Ford,,,,,,,,,,,,
,KELLER,Jupiter Ceilidh,9.48,M,2025-07-19,,,Ryan Ford,,,,,,,,,,,,
,KELLER,Ash Whitworth,10.50,M,2025-07-19,,,Ryan Ford,,,,,,,,,,,,
,KELLER,Alex Shackleton,11.05,M,2025-07-19,,,Ryan Ford,,,,,,,,,,,,
,KELLER,Brandon Latocki,15.05,M,2025-07-19,,,Ryan Ford,,,,,,,,,,,,
,MILLENNIUM,Bekah Jackson,11.59,F,2025-06-30,,https://youtube.com/shorts/RSOysGF7FOA,Ryan Ford,,,,,,,,,,,✅,
,GARRISON,Bekah Jackson,14.88,F,2025-06-24,,https://youtube.com/shorts/HGZxdJqZ7ew,Ryan Ford,,,,,,,,,,,,
,GARRISON,Vanessa Sherk,37.67,F,2025-06-24,,,Ryan Ford,,,,,,,,,,,,
,TP,Taylor Carpenter,15.00,F,2025-06-16,,,Ryan Ford,,,,,,,,,,,,
,PDN,Pedro Velus,19.88,M,2025-06-15,,https://youtube.com/shorts/u528YFwIfGY,Ryan Ford,,,,,,,,,,,,
,PDN,Koa McLagan,37.60,M,2025-06-15,,,Ryan Ford,,,,,,,,,,,,
,PDN,Taylor Carpenter,25.69,F,2025-06-15,,,Ryan Ford,,,,,,,,,,,,
,HORTA 2,Pedro Velus,13.54,M,2025-06-14,,https://youtube.com/shorts/1BsFz6BaaaE,Ryan Ford,,,,,,,,,,,,
,HORTA 2,Taylor Carpenter,18.34,F,2025-06-14,,https://youtube.com/shorts/mEo8IpIa4IA,Ryan Ford,,,,,,,,,,,,
,HORTA 1,Pedro Velus,18.53,M,2025-06-14,,https://youtube.com/shorts/5RNZbWZg07U,Ryan Ford,,,,,,,,,,,,
,HORTA 1,Luís Alkmim,19.76,M,2025-06-14,,,Ryan Ford,,,,,,,,,,,,
,HORTA 1,Taylor Carpenter,26.24,F,2025-06-14,,https://youtube.com/shorts/z-9H2ssfSmo,Ryan Ford,,,,,,,,,,,,
,SHELL FARM,Pedro Salgado,11.47,M,2025-06-13,,,Ryan Ford,,,,,,,,,,,,
,SHELL FARM,Luís Alkmim,12.50,M,2025-06-13,,,Ryan Ford,,,,,,,,,,,,
,SHELL FARM,Taylor Carpenter,15.26,F,2025-06-13,,https://youtube.com/shorts/VBArkAsGuw0,Ryan Ford,,,,,,,,,,,,
,RED WALLS,Edson Miguel,10.75,M,2025-06-12,,https://www.youtube.com/shorts/admdm7vX6Ts,Ryan Ford,,,,,,,,,,,,
,RED WALLS,Pedro Salgado,10.83,M,2025-06-12,,https://www.instagram.com/p/DK4dmJmt3kh/,Ryan Ford,,,,,,,,,,,,
,RED WALLS,Luís Alkmim,11.94,M,2025-06-12,,,Ryan Ford,,,,,,,,,,,,
,RED WALLS,Ryan Ford,15.87,M,2025-06-12,,,Ryan Ford,,,,,,,,,,,,
,RED WALLS,Taylor Carpenter,15.84,F,2025-06-12,,,Ryan Ford,,,,,,,,,,,,
,YELLOW WALLS,Luís Alkmim,18.80,M,2025-06-11,,https://youtube.com/shorts/yxf1aHI6rPU,Ryan Ford,,,,,,,,,,,,
,YELLOW WALLS,Taylor Carpenter,24.86,F,2025-06-11,,https://youtube.com/shorts/of6zido50KY,Ryan Ford,,,,,,,,,,,,
,GROUND ZERO,Edson Miguel,14.38,M,2025-06-10,,https://www.youtube.com/shorts/pKasFTx6i5c,Ryan Ford,,,,,,,,,,,,
,GROUND ZERO,Leon van der Zouwen,14.63,M,2025-06-10,,,Ryan Ford,,,,,,,,,,,,
,GROUND ZERO,Luís Alkmim,15.61,M,2025-06-10,,,Ryan Ford,,,,,,,,,,,,
,GROUND ZERO,Eli Ackerman,29.68,M,2025-06-10,,,Ryan Ford,,,,,,,,,,,,
,GROUND ZERO,Leon Tranter,35.00,M,2025-06-10,,,Ryan Ford,,,,,,,,,,,,
,GROUND ZERO,Miguel Rodrigues,37.15,M,2025-06-10,,,Ryan Ford,,,,,,,,,,,,
,GROUND ZERO,Corin Hoskin,38.16,M,2025-06-10,,,Ryan Ford,,,,,,,,,,,,
,GROUND ZERO,Tiago Rodrigues,47.35,M,2025-06-10,,,Ryan Ford,,,,,,,,,,,,
,GROUND ZERO,Taylor Carpenter,19.37,F,2025-06-10,,,Ryan Ford,,,,,,,,,,,,
,GROUND ZERO,Luana Hauptmann,24.02,F,2025-06-10,,,Ryan Ford,,,,,,,,,,,,
,GROUND ZERO,Emilia Francois,31.28,F,2025-06-10,,,Leon van der Zouwen,,,,,,,,,,,,
,GROUND ZERO,Azalea Hamilton,39.38,F,2025-06-10,,,Ryan Ford,,,,,,,,,,,,
,WHALE TAIL,Edson Miguel,14.12,M,2025-06-09,,https://www.youtube.com/shorts/I6SPJjED01I,Ryan Ford,,,,,,,,,,,,
,WHALE TAIL,Leon van der Zouwen,15.73,M,2025-06-09,,,Ryan Ford,,,,,,,,,,,,
,WHALE TAIL,Taylor Carpenter,21.29,F,2025-06-09,,,Ryan Ford,,,,,,,,,,,,
,WHALE TAIL,Emilia Francois,30.07,F,2025-06-09,,,Leon van der Zouwen,,,,,,,,,,,,
,KAOS,Luís Alkmim,14.93,M,2025-06-07,,https://youtube.com/shorts/QkF8EBTLdK8,Ryan Ford,,,,,,,,,,,,
,KAOS,Ryan Ford,17.84,M,2025-06-07,,https://www.instagram.com/p/DLdE9d9RRhn/,Taylor Carpenter,,,,,,,,,,,,
,KAOS,Dean Philp,18.74,M,2025-06-07,,https://www.instagram.com/p/DKnWlZjMBJT/,Ryan Ford,,,,,,,,,,,,
,KAOS,Taylor Carpenter,18.84,F,2025-06-07,,https://youtube.com/shorts/0N-MMeepAnQ,Ryan Ford,,,,,,,,,,,,
,BAR SPOT,Edson Miguel,10.75,M,2025-06-07,,https://www.youtube.com/shorts/IYnDgIsgMa4,Ryan Ford,,,,,,,,,,,,
,BAR SPOT,Pedro Velus,11.64,M,2025-06-07,,,Ryan Ford,,,,,,,,,,,,
,BAR SPOT,Luís Alkmim,12.22,M,2025-06-07,,,Ryan Ford,,,,,,,,,,,,
,BAR SPOT,Dean Philp,19.30,M,2025-06-07,,https://www.instagram.com/p/DKpTawrIKbP/,Ryan Ford,,,,,,,,,,,,
,BAR SPOT,Taylor Carpenter,19.15,F,2025-06-07,,https://youtube.com/shorts/kMjQabW_BXQ,Ryan Ford,,,,,,,,,,,,
,PONTINHA,Luís Alkmim,19.33,M,2025-06-06,,https://youtube.com/shorts/KdIDtCw4Yb0,Ryan Ford,,,,,,,,,,,,
,TP,Luís Alkmim,10.60,M,2025-06-05,,https://youtube.com/shorts/D1M25DJL3EE,Ryan Ford,,,,,,,,,,,,
,TP,Ryan Ford,18.36,M,2025-06-05,,,Taylor Carpenter,,,,,,,,,,,,
,EAGLETON,Jesse Clark,12.48,M,2025-06-01,,,,,,,,,,,,,,,
,EAGLETON,Erik Reynolds,14.28,M,2025-06-01,,,Jesse Clark,,,,,,,,,,,,
,EAGLETON,Michael Lesh,16.67,M,2025-06-01,,,Jesse Clark,,,,,,,,,,,,
,EAGLETON,Sebastian Cunningham,17.24,M,2025-06-01,,,Jesse Clark,,,,,,,,,,,,
,EAGLETON,Josiah Schmidt,17.67,M,2025-06-01,,,Jesse Clark,,,,,,,,,,,,
,EAGLETON,Edward Chang,18.71,M,2025-06-01,,,Jesse Clark,,,,,,,,,,,,
,EAGLETON,Patrick Burgess,24.91,M,2025-06-01,,,Jesse Clark,,,,,,,,,,,,
,EAGLETON,Robert Borno,27.62,M,2025-06-01,,,Jesse Clark,,,,,,,,,,,,
,EAGLETON,Ellison Carter,22.16,F,2025-06-01,,,Jesse Clark,,,,,,,,,,,,
,EAGLETON,Anna Matl,23.81,F,2025-06-01,,,Jesse Clark,,,,,,,,,,,,
,HILL,Jared Nahulu,16.71,M,2025-05-25,,https://youtube.com/shorts/5LivSRltaQw,Ryan Ford,,,,,,,,,,,,
,HILL,Austin Lutz,19.16,M,2025-05-25,,,,,,,,,,,,,,,
,UMC,Joey Jepsen,7.25,M,2025-05-16,,https://youtube.com/shorts/bF_bNavwmGs,Ryan Ford,,,,,,,,,,,,
,UMC,Ryan Ford,10.42,M,2025-05-16,,,Taylor Carpenter,,,,,,,,,,,,
,UMC,Bekah Jackson,9.12,F,2025-05-16,,https://youtube.com/shorts/o_0kMgdwHOM,Ryan Ford,,,,,,,,,,,,
,UMC,Taylor Carpenter,9.79,F,2025-05-16,,,Ryan Ford,,,,,,,,,,,,
,TIVOLI,Michael Sliger,10.57,M,2025-05-11,,,Ryan Ford,,,,,,,,,,,,
,TRAX,Joey Jepsen,13.01,M,2025-05-04,,,Amy Jepsen,,,,,,,,,,,,
,TRAX,Keith Jepsen,18.75,M,2025-05-04,,,Joey Jepsen,,,,,,,,,,,,
,TRAX,Amy Jepsen,31.42,F,2025-05-04,,,Joey Jepsen,,,,,,,,,,,,
,TRAX,Kirsten Kuhns,38.59,F,2025-05-04,,,Joey Jepsen,,,,,,,,,,,,
,OLDE TOWN,Taylor Carpenter,18.19,F,2025-04-28,,https://youtube.com/shorts/qAqBpaynAQk,Ryan Ford,,,,,,,,,,,,
,OLDE TOWN,Amy Jepsen,85.56,F,2025-04-28,,https://www.instagram.com/p/DJDcvcSNAEN/,Ryan Ford,,,,,,,,,,,,
,CUSCATLÁN 2,Walter Lemus,16.09,M,2025-04-20,,https://youtube.com/shorts/PwryUSUzcb8,Ryan Ford,,,,,,,,,,,,
,CUSCATLÁN 2,Bryan Pocasangre,17.14,M,2025-04-20,,,Ryan Ford,,,,,,,,,,,,
,CUSCATLÁN 2,Hyugo Trigueros,17.47,M,2025-04-20,,,Ryan Ford,,,,,,,,,,,,
,CUSCATLÁN 2,Jonathan Guerrero,17.94,M,2025-04-20,,,Ryan Ford,,,,,,,,,,,,
,CUSCATLÁN 2,Otto Catota,18.31,M,2025-04-20,,,Ryan Ford,,,,,,,,,,,,
,CUSCATLÁN 2,Henry Merinos,20.20,M,2025-04-20,,,Ryan Ford,,,,,,,,,,,,
,CUSCATLÁN 2,Christian Wayne,23.00,M,2025-04-20,,,Ryan Ford,,,,,,,,,,,,
,CUSCATLÁN 2,David Alexander Navarro López,23.31,M,2025-04-20,,,Ryan Ford,,,,,,,,,,,,
,CUSCATLÁN 2,Carlos Alejandro Vasquez Díaz,23.72,M,2025-04-20,,,Ryan Ford,,,,,,,,,,,,
,CUSCATLÁN 2,Taylor Carpenter,19.03,F,2025-04-20,,https://youtube.com/shorts/_3HWgaOPfU0,Ryan Ford,,,,,,,,,,,,
,CUSCATLÁN 2,Gisela Sierra,25.49,F,2025-04-20,,,Ryan Ford,,,,,,,,,,,,
,CUSCATLÁN 3,Walter Lemus,17.79,M,2025-04-20,,https://youtube.com/shorts/uCUyo9SfWvU,Ryan Ford,,,,,,,,,,,,
,CUSCATLÁN 3,Hyugo Trigueros,20.96,M,2025-04-20,,,Ryan Ford,,,,,,,,,,,,
,CUSCATLÁN 3,Bryan Pocasangre,21.45,M,2025-04-20,,,Ryan Ford,,,,,,,,,,,,
,CUSCATLÁN 3,Otto Catota,22.02,M,2025-04-20,,,Ryan Ford,,,,,,,,,,,,
,CUSCATLÁN 3,Carlos Alejandro Vasquez Díaz,27.04,M,2025-04-20,,,Ryan Ford,,,,,,,,,,,,
,CUSCATLÁN 3,David Alexander Navarro López,35.11,M,2025-04-20,,,Ryan Ford,,,,,,,,,,,,
,CUSCATLÁN 3,Taylor Carpenter,18.58,F,2025-04-20,,https://youtube.com/shorts/3T_dkAWhJlw,Ryan Ford,,,,,,,,,,,,
,CUSCATLÁN 1,Eric Summers,9.92,M,2025-04-20,,https://youtube.com/shorts/WprjprKnEZ4,Ryan Ford,,,,,,,,,,,,
,CUSCATLÁN 1,Walter Lemus,10.25,M,2025-04-20,,,Ryan Ford,,,,,,,,,,,,
,CUSCATLÁN 1,Bryan Pocasangre,10.38,M,2025-04-20,,,Ryan Ford,,,,,,,,,,,,
,CUSCATLÁN 1,Jonathan Guerrero,11.10,M,2025-04-20,,,Ryan Ford,,,,,,,,,,,,
,CUSCATLÁN 1,Henry Merinos,11.47,M,2025-04-20,,,Ryan Ford,,,,,,,,,,,,
,CUSCATLÁN 1,Hyugo Trigueros,11.68,M,2025-04-20,,,Ryan Ford,,,,,,,,,,,,
,CUSCATLÁN 1,Otto Catota,11.99,M,2025-04-20,,,Ryan Ford,,,,,,,,,,,,
,CUSCATLÁN 1,Christian Wayne,12.97,M,2025-04-20,,,Ryan Ford,,,,,,,,,,,,
,CUSCATLÁN 1,David Alexander Navarro López,13.15,M,2025-04-20,,,Ryan Ford,,,,,,,,,,,,
,CUSCATLÁN 1,Carlos Alejandro Vasquez Díaz,13.27,M,2025-04-20,,,Ryan Ford,,,,,,,,,,,,
,CUSCATLÁN 1,Luis Alejandro Castro Villalobos,13.57,M,2025-04-20,,,Ryan Ford,,,,,,,,,,,,
,CUSCATLÁN 1,Jefferson Torres,16.76,M,2025-04-20,,,Ryan Ford,,,,,,,,,,,,
,CUSCATLÁN 1,Anderson Mejia,17.16,M,2025-04-20,,,Ryan Ford,,,,,,,,,,,,
,CUSCATLÁN 1,Taylor Carpenter,10.34,F,2025-04-20,,https://youtube.com/shorts/DNvIS6i1OL0,Ryan Ford,,,,,,,,,,,,
,CUSCATLÁN 1,Gisela Sierra,15.47,F,2025-04-20,,,Ryan Ford,,,,,,,,,,,,
,ESPINO,Ryan Ford,20.49,M,2025-04-18,,,Taylor Carpenter,,,,,,,,,,,,
,ESPINO,Christian Wayne,22.30,M,2025-04-18,,,Ryan Ford,,,,,,,,,,,,
,ESPINO,Taylor Carpenter,20.34,F,2025-04-18,,https://youtube.com/shorts/OibF1epHYP8,Ryan Ford,,,,,,,,,,,,
,ESPINO,Gisela Sierra,26.14,F,2025-04-18,,,Ryan Ford,,,,,,,,,,,,
,CUSCATLÁN 1,Ryan Ford,10.42,M,2025-04-17,,,Taylor Carpenter,,,,,,,,,,,,
,CHAPU 3,Ariel Vasquez Perez,14.93,M,2025-04-15,,https://youtube.com/shorts/YMXrPTajh2k,Ryan Ford,,,,,,,,,,,,
,CHAPU 3,Andrés Gutzen,18.26,M,2025-04-15,,,Ryan Ford,,,,,,,,,,,,
,CHAPU 3,Samuel Navarro Rivera,18.28,M,2025-04-15,,,Ryan Ford,,,,,,,,,,,,
,CHAPU 3,Taylor Carpenter,20.76,F,2025-04-15,,https://youtube.com/shorts/eDk8M3cv640,Ryan Ford,,,,,,,,,,,,
,CHAPU 3,Luciana San Martín,27.39,F,2025-04-15,,,Ryan Ford,,,,,,,,,,,,
,CHAPU 1,Taylor Carpenter,18.84,F,2025-04-09,,https://youtube.com/shorts/O4oUbnVCC34,Ryan Ford,,,,,,,,,,,,
,UNAM 2,Bollo Talavera,7.21,M,2025-04-06,,,Ryan Ford,,,,,,,,,,,,
,UNAM 2,Leon van der Zouwen,7.42,M,2025-04-06,,,Ryan Ford,,,,,,,,,,,,
,UNAM 2,Ryan Ford,12.27,M,2025-04-06,,,Taylor Carpenter,,,,,,,,,,,,
,UNAM 1,Xavo Davila,13.25,M,2025-04-06,,https://youtube.com/shorts/FvEG-sxGeqc,Ryan Ford,,,,,,,,,,,,
,UNAM 1,Leon van der Zouwen,13.38,M,2025-04-06,,https://www.instagram.com/p/DIO5OMhxWJS/,Ryan Ford,,,,,,,,,,,,
,PARCUR,Andrés Fierro,10.25,M,2025-03-28,,,Ryan Ford,,,,,,,,,,,,
,PARCUR,Fabian Castany,11.67,M,2025-03-28,,,Ryan Ford,,,,,,,,,,,,
,PARCUR,Andrés Gutzen,14.14,M,2025-03-28,,,Ryan Ford,,,,,,,,,,,,
,PARCUR,Norberto Jiménez,16.97,M,2025-03-28,,,Ryan Ford,,,,,,,,,,,,
,PRADOS,Taylor Carpenter,28.04,F,2025-03-27,,,Ryan Ford,,,,,,,,,,,,
,MCCARTHY,Olof Wood,14.28,M,2025-03-26,,,Ryan Ford,,,,,,,,,,,,
,CHAPU 2,Taylor Carpenter,12.88,F,2025-03-23,,https://youtube.com/shorts/5tvTwLEijvs,Ryan Ford,,,,,,,,,,,,
,CHAPU 1,Libertad Peralta,38.39,F,2025-03-23,,,Ryan Ford,,,,,,,,,,,,
,CHAPU 2,Libertad Peralta,23.22,F,2025-03-23,,,Ryan Ford,,,,,,,,,,,,
,UNAM 1,Ryan Ford,18.44,M,2025-03-22,,,Taylor Carpenter,,,,,,,,,,,,
,UNAM 1,Taylor Carpenter,18.76,F,2025-03-22,,https://youtube.com/shorts/LxbNlp3QLGY,Ryan Ford,,,,,,,,,,,,
,PARQUE CANCÚN 3,Jorge Yah,20.64,M,2025-03-18,,,Ryan Ford,,,,,,,,,,,,
,PARQUE CANCÚN 3,Marcos Ceh,20.88,M,2025-03-18,,,Ryan Ford,,,,,,,,,,,,
,PARQUE CANCÚN 3,Ramsés Toledo,25.06,M,2025-03-18,,,Ryan Ford,,,,,,,,,,,,
,PARQUE CANCÚN 3,Taylor Carpenter,21.52,F,2025-03-18,,https://www.youtube.com/shorts/M2JwSSjD4U0,Ryan Ford,,,,,,,,,,,,
,PARQUE CANCÚN 3,Sofía Labarte,40.81,F,2025-03-18,,,Ryan Ford,,,,,,,,,,,,
,PARQUE CANCÚN 1,Olof Wood,13.50,M,2025-03-14,,https://youtube.com/shorts/JmmzZKCKz-g,Ryan Ford,,,,,,,,,,,,
,PARQUE CANCÚN 1,Liam Ponce,14.58,M,2025-03-14,,,Ryan Ford,,,,,,,,,,,,
,PARQUE CANCÚN 1,Ryan Ford,17.71,M,2025-03-14,,,Taylor Carpenter,,,,,,,,,,,,
,PARQUE CANCÚN 1,Ramsés Toledo,20.34,M,2025-03-14,,,Ryan Ford,,,,,,,,,,,,
,PARQUE CANCÚN 1,Bruno Ponce,21.58,M,2025-03-14,,,Ryan Ford,,,,,,,,,,,,
,PARQUE CANCÚN 1,Andrus Valencia,24.22,M,2025-03-14,,,Ryan Ford,,,,,,,,,,,,
,PARQUE CANCÚN 1,Andre Maldonado,24.96,M,2025-03-14,,,Ryan Ford,,,,,,,,,,,,
,PARQUE CANCÚN 1,Taylor Carpenter,19.32,F,2025-03-14,,,Ryan Ford,,,,,,,,,,,,
,PARQUE CANCÚN 1,Sofía Labarte,27.73,F,2025-03-14,,,Ryan Ford,,,,,,,,,,,,
,PARQUE CANCÚN 1,Ness,79.23,F,2025-03-14,,,Ryan Ford,,,,,,,,,,,,
,PARQUE CANCÚN 2,Olof Wood,28.66,M,2025-03-14,,https://youtube.com/shorts/c9Xn3uvrD9Q,Ryan Ford,,,,,,,,,,,,
,PARQUE CANCÚN 2,Liam Ponce,29.55,M,2025-03-14,,,Ryan Ford,,,,,,,,,,,,
,PARQUE CANCÚN 2,Ryan Ford,48.62,M,2025-03-14,,,Taylor Carpenter,,,,,,,,,,,,
,PARQUE CANCÚN 2,Andre Maldonado,80.91,M,2025-03-14,,,Ryan Ford,,,,,,,,,,,,
,PARQUE CANCÚN 2,Bruno Ponce,81.82,M,2025-03-14,,,Ryan Ford,,,,,,,,,,,,
,PARQUE CANCÚN 2,Taylor Carpenter,46.59,F,2025-03-14,,https://www.youtube.com/shorts/oabtxYhyFd0,Ryan Ford,,,,,,,,,,,,
,OBELISCO,Javier Grijalva Azcarreta,16.93,M,2025-03-11,,https://youtube.com/shorts/T1bfGdqLYHE,Ryan Ford,,,,,,,,,,,,
,OBELISCO,Ryan Ford,17.71,M,2025-03-11,,,Taylor Carpenter,,,,,,,,,,,,
,OBELISCO,Tony Tobias,25.33,M,2025-03-11,,,Ryan Ford,,,,,,,,,,,,
,OBELISCO,Taylor Carpenter,20.80,F,2025-03-11,,https://youtube.com/shorts/QgEGc1sRZsg,Ryan Ford,,,,,,,,,,,,
,ATITLÁN,Ryan Ford,13.92,M,2025-03-09,,https://youtube.com/shorts/I0AQ0YI6qRQ,Taylor Carpenter,,,,,,,,,,,,
,ATITLÁN,Taylor Carpenter,14.58,F,2025-03-09,,https://youtube.com/shorts/lKW2znelUUw,Ryan Ford,,,,,,,,,,,,
,ANTIGUA,Ryan Ford,17.54,M,2025-03-05,,https://youtube.com/shorts/I7ORjTYqLo8,Taylor Carpenter,,,,,,,,,,,,
,ANTIGUA,Taylor Carpenter,17.46,F,2025-03-05,,,Ryan Ford,,,,,,,,,,,,
,CHAPU 1,Arturo Camarena Torres,15.75,M,2025-02-12,,,Ryan Ford,,,,,,,,,,,,
,CHAPU 1,Sebastián Galván,16.16,M,2025-02-12,,,Ryan Ford,,,,,,,,,,,,
,CHAPU 1,George Munro,16.41,M,2025-02-12,,,Ryan Ford,,,,,,,,,,,,
,CHAPU 1,Aldo Zermeño Sobrino,19.55,M,2025-02-12,,,Ryan Ford,,,,,,,,,,,,
,CHAPU 1,Rolando Solano,20.46,M,2025-02-12,,,Ryan Ford,,,,,,,,,,,,
,CHAPU 1,Marlene Coronel,22.00,F,2025-02-12,,https://youtube.com/shorts/TJoSUScY8-Q,Ryan Ford,,,,,,,,,,,,
,CHAPU 1,Sofía González,22.73,F,2025-02-12,,,Ryan Ford,,,,,,,,,,,,
,CHAPU 1,Saraí Serrano,23.61,F,2025-02-12,,,Ryan Ford,,,,,,,,,,,,
,CHAPU 2,Will Flores,11.00,M,2025-02-12,,,Ryan Ford,,,,,,,,,,,,
,CHAPU 2,Sebastián Galván,11.09,M,2025-02-12,,,Ryan Ford,,,,,,,,,,,,
,CHAPU 2,George Munro,11.27,M,2025-02-12,,,Ryan Ford,,,,,,,,,,,,
,CHAPU 2,Rolando Solano,12.50,M,2025-02-12,,,Ryan Ford,,,,,,,,,,,,
,CHAPU 2,Aldo Zermeño Sobrino,13.35,M,2025-02-12,,,Ryan Ford,,,,,,,,,,,,
,CHAPU 2,Marlene Coronel,13.38,F,2025-02-12,,https://youtube.com/shorts/vZDL9gXtSHQ,Ryan Ford,,,,,,,,,,,,
,CHAPU 2,Saraí Serrano,14.42,F,2025-02-12,,,Ryan Ford,,,,,,,,,,,,
,CHAPU 2,Sofía González,14.50,F,2025-02-12,,,Ryan Ford,,,,,,,,,,,,
,UH3,Ryan Ford,13.79,M,2025-02-01,,,Taylor Carpenter,,,,,,,,,,,,
,UH3,Liam Kim,9.42,M,2025-01-25,,https://youtube.com/shorts/MqF8ylt-AGw,Matt Jang,,,,,,,,,,,,
,UH3,Roland Turner,9.63,M,2025-01-25,,https://youtube.com/shorts/KkiA3bJE5rU,Ryan Ford,,,,,,,,,,,,
,UH3,Matt Jang,10.00,M,2025-01-25,,,Ryan Ford,,,,,,,,,,,,
,UH3,Elias Fonseca,10.04,M,2025-01-25,,,Ryan Ford,,,,,,,,,,,,
,UH3,Parker Krueger,10.60,M,2025-01-25,,https://www.instagram.com/p/DOHJNChEiLX/,Ryan Ford,,,,,,,,,,,,
,UH3,Bobby Houser,10.87,M,2025-01-25,,,Ryan Ford,,,,,,,,,,,,
,UH3,Andrew Cavuto,11.98,M,2025-01-25,,,Ryan Ford,,,,,,,,,,,,
,UH3,Evan Wilson,12.46,M,2025-01-25,,,Ryan Ford,,,,,,,,,,,,
,PALI,Ryan Ford,13.97,M,2025-01-23,,,Taylor Carpenter,,,,,,,,,,,,
,PALI,Taylor Carpenter,15.37,F,2025-01-23,,https://youtube.com/shorts/my7_qHijXl0,Ryan Ford,,,,,,,,,,,,
,KĀNEWAI,Liam Kim,12.79,M,2025-01-20,,https://youtube.com/shorts/bxoEsi1WikE,Ryan Ford,,,,,,,,,,,,
,KĀNEWAI,Ryan Ford,21.25,M,2025-01-20,,,Liam Kim,,,,,,,,,,,,
,UH2,Liam Kim,8.95,M,2025-01-14,,,Matt Jang,,,,,,,,,,,,
,UH2,Matt Jang,8.19,M,2025-01-14,,https://youtube.com/shorts/12Wo6-7tVgU,Liam Kim,,,,,,,,,,,,
,KAKA'AKO,Elias Fonseca,11.03,M,2025-01-12,,https://youtube.com/shorts/8HvVfVE3okk,Ryan Ford,,,,,,,,,,,,
,KAKA'AKO,Roland Turner,11.43,M,2025-01-12,,https://www.instagram.com/p/DFJhx_USVh5/,Ryan Ford,,,,,,,,,,,,
,KAKA'AKO,Ken Imperial,20.36,M,2025-01-12,,,Ryan Ford,,,,,,,,,,,,
,KAKA'AKO,Alana Hart,24.37,F,2025-01-12,,,Ryan Ford,,,,,,,,,,,,
,UH2,Matt Jang,,M,2025-01-11,,,Ryan Ford,,,,,,,,,,,,
,UH2,Liam Kim,,M,2025-01-11,,,Ryan Ford,,,,,,,,,,,,
,UH2,Bobby Houser,9.98,M,2025-01-11,,,Ryan Ford,,,,,,,,,,,,
,UH2,Parker Krueger,10.76,M,2025-01-11,,,Ryan Ford,,,,,,,,,,,,
,UH2,Andrew Cavuto,10.79,M,2025-01-11,,,Ryan Ford,,,,,,,,,,,,
,UH2,Evan Wilson,12.00,M,2025-01-11,,,Ryan Ford,,,,,,,,,,,,
,UH2,Taylor Carpenter,12.23,F,2025-01-11,,https://youtube.com/shorts/5_q55QZIgvY,Ryan Ford,,,,,,,,,,,,
,WINDWARD,Matt Jang,11.79,M,2025-01-05,,https://youtube.com/shorts/NA0fDzYCMg4,Ryan Ford,,,,,,,,,,,,
,WINDWARD,Andrew Cavuto,12.51,M,2025-01-05,,,Ryan Ford,,,,,,,,,,,,
,WINDWARD,Ryan Ford,15.21,M,2025-01-05,,,Taylor Carpenter,,,,,,,,,,,,
,WINDWARD,Taylor Carpenter,15.70,F,2025-01-05,,https://youtube.com/shorts/r_T-Y_lgUr0,Ryan Ford,,,,,,,,,,,,
,KAKA'AKO,Liam Kim,11.63,M,2024-12-30,,,Ryan Ford,,,,,,,,,,,,
,KAKA'AKO,Matt Jang,13.79,M,2024-12-30,,,Ryan Ford,,,,,,,,,,,,
,KAKA'AKO,Ryan Ford,15.53,M,2024-12-30,,,Taylor Carpenter,,,,,,,,,,,,
,KAKA'AKO,Taylor Carpenter,15.54,F,2024-12-30,,https://www.youtube.com/shorts/YvUWNzro-10,Ryan Ford,,,,,,,,,,,,
,HIGHLAND,Joey Jepsen,8.40,M,2024-12-17,,https://youtube.com/shorts/hNWXsBSZsgU,Ryan Ford,,,,,,,,,,,,✅
,AZ FALLS,Joey Jepsen,15.04,M,2024-12-10,,https://youtube.com/shorts/FpiuU28mo04,Ryan Ford,,,,,,,,,,,,
,AZ FALLS,Seth Jung,15.53,M,2024-12-10,,,Ryan Ford,,,,,,,,,,,,
,AZ FALLS,Rob Schihl,15.83,M,2024-12-10,,,Ryan Ford,,,,,,,,,,,,
,AZ FALLS,Ryan Ford,21.13,M,2024-12-10,,,Taylor Carpenter,,,,,,,,,,,,
,AZ FALLS,Taylor Carpenter,18.46,F,2024-12-10,,https://youtube.com/shorts/9akrgH8ThXM,Ryan Ford,,,,,,,,,,,,
,AZ FALLS,Amy Jepsen,50.82,F,2024-12-10,,https://www.instagram.com/p/DDkmH1CPbe8/,Ryan Ford,,,,,,,,,,,,
,DRINKWATER,Joey Jepsen,12.30,M,2024-12-09,,https://youtube.com/shorts/gGtR10NER0s,Ryan Ford,,,,,,,,,,,,
,DRINKWATER,Seth Jung,13.30,M,2024-12-09,,,Ryan Ford,,,,,,,,,,,,
,DRINKWATER,Rob Schihl,17.53,M,2024-12-09,,,Ryan Ford,,,,,,,,,,,,
,DRINKWATER,Francesco Caban,21.33,M,2024-12-09,,,Ryan Ford,,,,,,,,,,,,
,DRINKWATER,Taylor Carpenter,16.96,F,2024-12-09,,https://youtube.com/shorts/Ha9eDxTX75o,Ryan Ford,,,,,,,,,,,,
,SPEEDWAY,Seth Jung,9.04,M,2024-12-08,,https://youtube.com/shorts/lBwkB6V6XUs,Ryan Ford,,,,,,,,,,,,
,SPEEDWAY,Joey Jepsen,10.51,M,2024-12-08,,,Ryan Ford,,,,,,,,,,,,
,SPEEDWAY,Shayan Mahmood,10.78,M,2024-12-08,,,Ryan Ford,,,,,,,,,,,,
,SPEEDWAY,Taylor Carpenter,12.80,F,2024-12-08,,https://youtube.com/shorts/f_m5Kof2GNk,Ryan Ford,,,,,,,,,,,,
,RIVERBANK,Olof Wood,14.31,M,2024-12-07,,https://youtube.com/shorts/UNLSOknZ0OY,Jesse Danger,,,,,,,,,,,,
,RIVERBANK,Jesse Danger,26.44,M,2024-12-07,,,Olof Wood,,,,,,,,,,,,
,PPL,Joey Jepsen,8.66,M,2024-12-07,,https://youtube.com/shorts/AGSHbae5yCM,Ryan Ford,,,,,,,,,,,,
,PPL,Rob Schihl,9.28,M,2024-12-07,,,Ryan Ford,,,,,,,,,,,,
,PPL,Seth Jung,9.52,M,2024-12-07,,,Ryan Ford,,,,,,,,,,,,
,PPL,Henry Clower,10.39,M,2024-12-07,,,Ryan Ford,,,,,,,,,,,,
,PPL,Taylor Carpenter,12.50,F,2024-12-07,,https://youtube.com/shorts/rV7sq8fVKM0,Ryan Ford,,,,,,,,,,,,
,PPL,Amy Jepsen,34.53,F,2024-12-07,,,Ryan Ford,,,,,,,,,,,,
,HANCE 2,Joey Jepsen,16.43,M,2024-12-06,,https://youtube.com/shorts/Om7PRAFi_4Q,Ryan Ford,,,,,,,,,,,,
,HANCE 2,Rob Schihl,17.30,M,2024-12-06,,,Ryan Ford,,,,,,,,,,,,
,HANCE 2,Ryan Ford,23.22,M,2024-12-06,,,Taylor Carpenter,,,,,,,,,,,,
,HANCE 2,Taylor Carpenter,22.26,F,2024-12-06,,https://youtube.com/shorts/aXbmI7Sa16w,Ryan Ford,,,,,,,,,,,,
,HANCE 2,Amy Jepsen,50.20,F,2024-12-06,,,Ryan Ford,,,,,,,,,,,,
,HANCE 1,Joey Jepsen,12.54,F,2024-12-05,,https://youtube.com/shorts/pLYrAfu-UA4,Ryan Ford,,,,,,,,,,,,
,HANCE 1,Rob Schihl,12.95,M,2024-12-05,,,Ryan Ford,,,,,,,,,,,,
,HANCE 1,Seth Jung,14.55,M,2024-12-05,,,Ryan Ford,,,,,,,,,,,,
,HANCE 1,Ryan Ford,25.70,M,2024-12-05,,,Taylor Carpenter,,,,,,,,,,,,
,AURARIA 1,Joey Jepsen,8.33,F,2024-11-22,,https://youtube.com/shorts/Mf_2EOv6zC8,Ryan Ford,,,,,,,,,,,,
,AURARIA 1,Taylor Carpenter,11.41,F,2024-11-22,,https://youtube.com/shorts/gBdIIqEkkic,Ryan Ford,,,,,,,,,,,,
,MILLENNIUM,Joey Jepsen,8.84,M,2024-11-17,,https://youtube.com/shorts/FcWklUp4soU,Ryan Ford,,,,,,,,,,,,✅
,TABLE MESA,Marquis Johnson,11.32,M,2024-11-02,,https://youtube.com/shorts/J7NsezrvDmY,Ryan Ford,,,,,,,,,,,,
,TABLE MESA,Ryan Ford,13.29,M,2024-11-02,,,Taylor Carpenter,,,,,,,,,,,,
,TABLE MESA,Taylor Carpenter,13.64,F,2024-11-02,,https://youtube.com/shorts/ytOLG5sCYs0,Ryan Ford,,,,,,,,,,,,
,TABLE MESA,Amy Jepsen,30.02,F,2024-11-02,,,Ryan Ford,,,,,,,,,,,,
,NOGUCHI,Olof Wood,13.26,M,2024-10-25,,,Ryan Ford,,,,,,,,,,,,
,NOGUCHI,Joey Jepsen,13.38,M,2024-10-25,,,Ryan Ford,,,,,,,,,,,,
,NOGUCHI,Taylor Carpenter,17.75,F,2024-10-25,,https://youtube.com/shorts/5wzWw92MLsk,Ryan Ford,,,,,,,,,,,,
,HARRISON,Olof Wood,11.22,M,2024-10-24,,https://youtube.com/shorts/vknFKwAuKwM,Ryan Ford,,,,,,,,,,,,
,HARRISON,Joey Jepsen,11.55,M,2024-10-24,,,Ryan Ford,,,,,,,,,,,,
,HARRISON,Taylor Carpenter,17.09,F,2024-10-24,,https://youtube.com/shorts/5jU7UclqFGI,Ryan Ford,,,,,,,,,,,,
,URBAN LIFE,Joey Jepsen,19.30,M,2024-10-22,,https://youtube.com/shorts/enOra6LHANE,Ryan Ford,,,,,,,,,,,,
,URBAN LIFE,Olof Wood,19.46,M,2024-10-22,,,Ryan Ford,,,,,,,,,,,,
,URBAN LIFE,Max Calderon,27.77,M,2024-10-22,,,Ryan Ford,,,,,,,,,,,,
,PEACHTREE,Olof Wood,14.88,M,2024-10-22,,https://youtube.com/shorts/HFivvb5N9JY,Ryan Ford,,,,,,,,,,,,
,PEACHTREE,Joey Jepsen,15.09,M,2024-10-22,,,Ryan Ford,,,,,,,,,,,,
,PEACHTREE,Max Calderon,15.88,M,2024-10-22,,,Ryan Ford,,,,,,,,,,,,
,VINE CITY,Olof Wood,12.25,M,2024-10-21,,https://youtube.com/shorts/c2znxv4-Jsw,Ryan Ford,,,,,,,,,,,,
,VINE CITY,Joey Jepsen,12.78,M,2024-10-21,,,Ryan Ford,,,,,,,,,,,,
,VINE CITY,Taylor Carpenter,17.79,F,2024-10-21,,https://youtube.com/shorts/PNgmb75UlR4,Ryan Ford,,,,,,,,,,,,
,NELSON-SHELL,Joey Jepsen,22.26,M,2024-10-20,,https://youtube.com/shorts/L_hzTq3i8p8,Ryan Ford,,,,,,,,,,,,
,NELSON-SHELL,Olof Wood,22.66,M,2024-10-20,,,Ryan Ford,,,,,,,,,,,,
,NELSON-SHELL,Taylor Carpenter,35.56,F,2024-10-20,,https://youtube.com/shorts/lrn75iIBnYs,Ryan Ford,,,,,,,,,,,,
,HARBOURFRONT 1,Joey Jepsen,8.04,M,2024-10-18,,https://youtube.com/shorts/YjaKTaU1xhw,Ryan Ford,,,,,,,,,,,,
,HARBOURFRONT 1,Olof Wood,8.16,M,2024-10-17,,,Ryan Ford,,,,,,,,,,,,
,HARBOURFRONT 2,Joey Jepsen,14.45,M,2024-10-16,,,Ryan Ford,,,,,,,,,,,,
,HARBOURFRONT 2,Taylor Carpenter,18.65,F,2024-10-16,,https://youtube.com/shorts/o5tgU6ovDTk,Ryan Ford,,,,,,,,,,,,
,LASTMAN,Joey Jepsen,13.80,M,2024-10-15,,https://youtube.com/shorts/e3bhyZOvemg,Ryan Ford,,,,,,,,,,,,
,LASTMAN,Taylor Carpenter,22.14,F,2024-10-15,,https://youtube.com/shorts/z6J1NwGRUvY,Ryan Ford,,,,,,,,,,,,
,HARBOURFRONT 1,Ryan Ford,13.41,M,2024-10-14,,,Taylor Carpenter,,,,,,,,,,,,
,HARBOURFRONT 1,Taylor Carpenter,11.84,F,2024-10-14,,https://youtube.com/shorts/UL8WHoO3oK0,Ryan Ford,,,,,,,,,,,,
,RINO,Olof Wood,10.99,M,2024-10-05,,https://youtube.com/shorts/tk3HItbmE6U,Ryan Ford,,,,,,,,,,,,
,MILLER,Joey Jepsen,16.42,M,2024-10-04,,https://youtube.com/shorts/jHKLuFbzVWM,Ryan Ford,,,,,,,,,,,,
,MILLER,Ryan Ford,23.37,M,2024-10-04,,,Taylor Carpenter,,,,,,,,,,,,
,MILLER,Taylor Carpenter,20.18,F,2024-10-04,,https://youtube.com/shorts/BpyQFNll0YU,Ryan Ford,,,,,,,,,,,,
,MILLER,Amy Jepsen,45.97,F,2024-10-04,,https://www.instagram.com/p/DBhd7xtvRPG/,Ryan Ford,,,,,,,,,,,,
,ACC,Olof Wood,10.50,M,2024-10-02,,https://youtube.com/shorts/swIGDKhqRxE,Ryan Ford,,,,,,,,,,,,
,ACC,Ryan Ford,17.90,M,2024-10-02,,,Taylor Carpenter,,,,,,,,,,,,
,ACC,Taylor Carpenter,17.35,F,2024-10-02,,https://youtube.com/shorts/xeFWl335rYM,Ryan Ford,,,,,,,,,,,,
,ACC,Amy Jepsen,36.77,F,2024-10-02,,,Ryan Ford,,,,,,,,,,,,
,WYOMING,Joey Jepsen,9.57,M,2024-09-22,,https://youtube.com/shorts/cczKN_A8cbQ,Ryan Ford,,,,,,,,,,,,
,EAGLETON,Joey Jepsen,11.01,M,2024-09-22,,https://youtube.com/shorts/XLYdR54ZfaE,Ryan Ford,,,,,,,,,,,,
,AURARIA 2,Joey Jepsen,27.00,M,2024-07-31,,https://youtube.com/shorts/8S717kjZVSU,Ryan Ford,,,,,,,,,,,,
,AURARIA 2,John Lunsford,32.34,M,2024-07-31,,,Ryan Ford,,,,,,,,,,,,
,AURARIA 2,Bekah Jackson,28.47,F,2024-07-31,,https://youtube.com/shorts/nNbHiw4wlUY,Ryan Ford,,,,,,,,,,,,
,AURARIA 2,Amy Jepsen,75.55,F,2024-07-31,,,Ryan Ford,,,,,,,,,,,,
,MILLENNIUM,Julian Frazier,10.42,M,2024-07-14,,,Ryan Ford,,,,,,,,,,,,
,MILLENNIUM,Taylor Carpenter,13.30,F,2024-07-14,,https://youtube.com/shorts/IIy_KCtjM88,Ryan Ford,,,,,,,,,,,,✅
,BEAN LOG,Joey Jepsen,11.92,M,2024-07-04,,https://youtube.com/shorts/iETdL1SIwNU,Ryan Ford,,,,,,,,,,,,
,BEAN LOG,Olof Wood,12.71,M,2024-07-04,,,Ryan Ford,,,,,,,,,,,,
,C4C,Olof Wood,7.92,M,2024-07-03,,https://youtube.com/shorts/jr8w2AD_zJA,Ryan Ford,,,,,,,,,,,,
,C4C,Joey Jepsen,8.21,M,2024-07-03,,,Ryan Ford,,,,,,,,,,,,
,MILLENNIUM,Olof Wood,8.89,M,2024-06-27,,https://youtube.com/shorts/Z26L0-kU6qQ,Ryan Ford,,,,,,,,,,,,✅
,MILLENNIUM,Kaden Lebsack,9.47,M,2024-06-27,,,Max Feinberg,,,,,,,,,,,,
,MILLENNIUM,Max Boice,9.66,M,2024-06-27,,,Ryan Ford,,,,,,,,,,,,
,MILLENNIUM,Max Feinberg,11.83,M,2024-06-27,,,Kaden Lebsack,,,,,,,,,,,,
,UCCS,Olof Wood,13.80,M,2024-06-12,,,Ryan Ford,,,,,,,,,,,,
,UCCS,Kyle Smith,19.77,M,2024-06-12,,,Ryan Ford,,,,,,,,,,,,
,UCCS,Taylor Carpenter,14.84,F,2024-06-12,,,Ryan Ford,,,,,,,,,,,,
,MINES 2,Olof Wood,11.26,M,2024-06-06,,https://youtube.com/shorts/KtfTkxb3goU,Ryan Ford,,,,,,,,,,,,
,CSU,Olof Wood,19.90,M,2024-06-01,,https://youtube.com/shorts/pXPZWTxhKOU,Ryan Ford,,,,,,,,,,,,
,CSU,Ryan Ford,38.03,M,2024-06-01,,,Taylor Carpenter,,,,,,,,,,,,
,CSU,Taylor Carpenter,32.89,F,2024-06-01,,,Ryan Ford,,,,,,,,,,,,
,MILLENNIUM,Michael Sliger,9.98,M,2024-05-28,,,Ryan Ford,,,,,,,,,,,,
,MILLENNIUM,Seth Wang,10.33,M,2024-05-28,,,Ryan Ford,,,,,,,,,,,,
,ORMSUND,Taylor Carpenter,21.71,F,2024-05-19,,https://youtube.com/shorts/n9Ys0eRBb2g,Ryan Ford,,,,,,,,,,,,
,BELMAR,Max Boice,16.00,M,2024-05-08,,https://youtube.com/shorts/wFpQWwTpxzg,Ryan Ford,,,,,,,,,,,,
,BELMAR,Joey Jepsen,16.21,M,2024-05-08,,,Ryan Ford,,,,,,,,,,,,
,BELMAR,Christian Greene,21.24,M,2024-05-08,,,Ryan Ford,,,,,,,,,,,,
,BELMAR,Vanessa Sherk,41.92,F,2024-05-08,,,Ryan Ford,,,,,,,,,,,,
,ÉVRY,Joey Jepsen,14.12,M,2024-04-30,,https://youtube.com/shorts/foIG3han7yU,Ryan Ford,,,,,,,,,,,,
,ÉVRY,Olof Wood,14.39,M,2024-04-30,,https://youtube.com/shorts/A6P4Tov0kac,Ryan Ford,,,,,,,,,,,,
,ÉVRY,Rob Schihl,15.87,M,2024-04-30,,https://youtube.com/shorts/sm_Ef6zuhNs,Ryan Ford,,,,,,,,,,,,
,ÉVRY,Taylor Carpenter,16.80,F,2024-04-30,,https://youtube.com/shorts/S7XmB7a4cTw,Ryan Ford,,,,,,,,,,,,
,ÉVRY,Bekah Jackson,17.30,F,2024-04-30,,https://youtube.com/shorts/331RVuXWypo,Ryan Ford,,,,,,,,,,,,
,ÉVRY,Bethel Lindsley,21.51,F,2024-04-30,,https://youtube.com/shorts/C0eyLBM4bno,Ryan Ford,,,,,,,,,,,,
,WATERFRONT,Justin Bergemann,16.99,M,2024-04-04,,https://youtube.com/shorts/_BEIBpOHw3Y,Taylor Carpenter,,,,,,,,,,,,
,KĀNEWAI,Taylor Carpenter,18.43,F,2024-03-09,,,Ryan Ford,,,,,,,,,,,,
,PAINTED STAIRS,Seth Wang,12.72,M,2023-12-06,,https://youtube.com/shorts/qXP6l1AVIGQ,Ryan Ford,,,,,,,,,,,,
,PAINTED STAIRS,Max Boice,14.73,M,2023-12-06,,,Ryan Ford,,,,,,,,,,,,
,PAINTED STAIRS,Taylor Carpenter,21.49,F,2023-12-06,,,Ryan Ford,,,,,,,,,,,,
,IRON WORKS,Taylor Carpenter,9.80,M,2023-10-12,,https://youtube.com/shorts/a-BW6Q4iUsk,Ryan Ford,,,,,,,,,,,,
,IRON WORKS,Matt Jang,9.08,M,2023-08-17,,https://youtube.com/shorts/1mxnBmSubuk,Ryan Ford,,,,,,,,,,,,
,COTTONWOOD 1,Taylor Carpenter,14.63,F,2023-08-15,,https://youtube.com/shorts/g5mqvWDSEYM,Ryan Ford,,,,,,,,,,,,
,COTTONWOOD 1,Jess Chan,16.55,F,2023-08-15,,,Ryan Ford,,,,,,,,,,,,
,POINT GREY,Taylor Carpenter,12.19,F,2023-08-06,,https://youtube.com/shorts/ljwD-Qe97yI,Ryan Ford,,,,,,,,,,,,
,WATER GARDEN,Taylor Carpenter,13.11,F,2023-08-02,,https://youtube.com/shorts/9EonyGlws7I,Ryan Ford,,,,,,,,,,,,
,JEFFERSON,Taylor Carpenter,12.16,F,2023-07-29,,https://youtube.com/shorts/1lXDJ6-E6sA,Ryan Ford,,,,,,,,,,,,
,LOHS,Taylor Carpenter,13.11,F,2023-07-16,,,Ryan Ford,,,,,,,,,,,,
,IRVING,Taylor Carpenter,13.22,F,2023-07-11,,,Ryan Ford,,,,,,,,,,,,
,CAL,Olof Wood,10.09,M,2023-06-24,,https://youtube.com/shorts/yEQPgmDay5U,Ryan Ford,,,0.00,0.00%,100.00,5,5,10,USA,🇺🇸,✅,
,FUNSTON,Olof Wood,10.45,M,2023-06-24,,https://youtube.com/shorts/K3aCdnl3AAo,Ryan Ford,,,,,,,,,,,,
,FUNSTON,Taylor Carpenter,15.95,F,2023-06-24,,https://youtube.com/shorts/gWY1uXynIHo,Ryan Ford,,,,,,,,,,,,
,O'RORKE,Taylor Carpenter,13.11,F,2023-06-23,,https://youtube.com/shorts/0YYdeml91H4,Ryan Ford,,,0.00,0.00%,100.00,4,2,7,USA,🇺🇸,✅,
,O'RORKE,Olof Wood,9.71,M,2023-06-23,,https://youtube.com/shorts/V4QD_eXF_pk,Ryan Ford,,,0.00,0.00%,100.00,4,5,8,USA,🇺🇸,✅,
,O'RORKE,Ryan Ford,13.76,M,2023-06-23,,,Taylor Carpenter,,,4.05,29.43%,70.57,4,3,9,USA,🇺🇸,,
,WAVE ORGAN,Olof Wood,11.94,M,2023-06-22,,https://youtube.com/shorts/xYxGlz-Sshk,Ryan Ford,,,0.00,0.00%,100.00,3,5,5,USA,🇺🇸,✅,
,WAVE ORGAN,Taylor Carpenter,16.21,F,2023-06-22,,https://youtube.com/shorts/ev5o2POPTXU,Ryan Ford,,,0.00,0.00%,100.00,3,2,6,USA,🇺🇸,✅,
,PASSBY,Taylor Carpenter,13.11,F,2023-05-31,,https://youtube.com/shorts/oycr5pti3H4,Ryan Ford,,,0.00,0.00%,100.00,2,2,2,USA,🇺🇸,✅,
,PASSBY,Ryan Ford,14.41,M,2023-05-31,,,Taylor Carpenter,,,4.02,27.90%,72.10,2,3,3,USA,🇺🇸,,
,PASSBY,Matt Jang,10.39,M,2023-05-31,,https://youtube.com/shorts/0Xjdtozz9nI,Ryan Ford,,,0.00,0.00%,100.00,2,4,4,USA,🇭🇰 🇺🇸,✅,
,BFI,Aidan Goddard,8.31,M,2022-06-29,,https://youtube.com/shorts/_xq6mU-J-Gc,Ryan Ford,,,0.00,0.00%,100.00,1,1,1,USA,🇺🇸,✅,
,g,t,,,,,,Ryan Ford,,,,,,,,,,,,
,p,j,,,,,,Ryan Ford,,,,,,,,,,,,
,l,t,,,,,,Ryan Ford,,,,,,,,,,,,
,p,t,,,,,,Ryan Ford,,,,,,,,,,,,
,MILLENNIUM,Cosmo Palmer,13.49,M,,,,Ryan Ford,,,,,,,,,,,,
,MILLENNIUM,Jera Boyd,13.50,M,,,,,,,,,,,,,,,,
,MILLENNIUM,Ryan Ford,14.14,M,,,,Taylor Carpenter,,,,,,,,,,,,
,MILLENNIUM,Jared Komatz,25.66,F,,,,Ryan Ford,,,,,,,,,,,,
,MILLENNIUM,Mel McQueen,33.80,F,,,,Ryan Ford,,,,,,,,,,,,
,MILLENNIUM,Amy Jepsen,40.48,F,,,https://www.instagram.com/p/C_Jiypaxxt9/,Ryan Ford,,,,,,,,,,,,
,HIGHLAND,Kaden Lebsack,9.06,M,,,,Ryan Ford,,,,,,,,,,,,
,HIGHLAND,Jera Boyd,9.35,M,,,,Ryan Ford,,,,,,,,,,,,
,HIGHLAND,Seth Wang,9.46,M,,,,Ryan Ford,,,,,,,,,,,,
,HIGHLAND,Bear Schneider,9.75,M,,,,Ryan Ford,,,,,,,,,,,,
,HIGHLAND,Max Boice,10.17,M,,,,Ryan Ford,,,,,,,,,,,,
,HIGHLAND,Finn Squires,10.33,M,,,,Ryan Ford,,,,,,,,,,,,
,HIGHLAND,Max Feinberg,10.62,M,,,,Ryan Ford,,,,,,,,,,,,
,HIGHLAND,Cosmo Palmer,11.67,M,,,,Ryan Ford,,,,,,,,,,,,
,HIGHLAND,John Lunsford,11.70,M,,,,Ryan Ford,,,,,,,,,,,,
,HIGHLAND,Ryan Ford,14.76,M,,,,Ryan Ford,,,,,,,,,,,,
,HIGHLAND,Peri,22.98,M,,,,Ryan Ford,,,,,,,,,,,,
,HIGHLAND,Bekah Jackson,10.80,F,,,https://youtube.com/shorts/8zW_PhBGvTY,Ryan Ford,,,,,,,,,,,,
,HIGHLAND,Taylor Carpenter,12.84,F,,,,Ryan Ford,,,,,,,,,,,,
,HIGHLAND,Jared Komatz,25.03,F,,,,Ryan Ford,,,,,,,,,,,,
,HIGHLAND,Mel McQueen,37.31,F,,,,Ryan Ford,,,,,,,,,,,,
,HIGHLAND,Amy Jepsen,41.43,F,,,https://www.instagram.com/p/DAd3thGvbCU/,Ryan Ford,,,,,,,,,,,,
,CPRC 1,Joey Jepsen,9.87,M,,,https://youtube.com/shorts/-gHmdsh_nsw,Ryan Ford,,,,,,,,,,,,
,CPRC 1,Taylor Carpenter,13.17,F,,,https://youtube.com/shorts/3xfv_LCQV4A,Ryan Ford,,,,,,,,,,,,
,CPRC 1,Bekah Jackson,13.27,F,,,,Ryan Ford,,,,,,,,,,,,
,CPRC 1,Kira Immordino,20.11,F,,,,Ryan Ford,,,,,,,,,,,,
,CPRC 1,Jared Komatz,21.52,F,,,,Ryan Ford,,,,,,,,,,,,
,CPRC 1,Amy Jepsen,30.69,F,,,https://www.instagram.com/p/DMi4BHqvltM/,Ryan Ford,,,,,,,,,,,,
,CPRC 1,Bella Martino,35.38,F,,,,Joey Jepsen,,,,,,,,,,,,
,RINO,Kaden Lebsack,11.29,M,,,https://youtube.com/shorts/DF2F_QgZU4Y,Ryan Ford,,,,,,,,,,,,
,RINO,Caleb Bergstrom,11.42,M,,,,Ryan Ford,,,,,,,,,,,,
,RINO,Joey Jepsen,11.67,M,,,,Ryan Ford,,,,,,,,,,,,
,RINO,Cosmo Palmer,11.69,M,,,,,,,,,,,,,,,,
,RINO,Austin Lutz,11.73,M,,,https://www.instagram.com/p/DS0phqwEa5W/,,,,,,,,,,,,,
,RINO,Max Feinberg,12.04,M,,,,Ryan Ford,,,,,,,,,,,,
,RINO,John Lunsford,13.67,M,,,,Ryan Ford,,,,,,,,,,,,
,RINO,Ryan Ford,15.33,M,,,,Taylor Carpenter,,,,,,,,,,,,
,RINO,Pete Peterson,16.16,M,,,,,,,,,,,,,,,,
,RINO,Kyle Sherk,17.64,M,,,,,,,,,,,,,,,,
,RINO,Bekah Jackson,13.01,F,,,https://youtube.com/shorts/CQUwqQm1_1A,Ryan Ford,,,,,,,,,,,,
,RINO,Taylor Carpenter,13.47,F,,,,Ryan Ford,,,,,,,,,,,,
,RINO,Emily Stout,18.70,F,,,,,,,,,,,,,,,,
,RINO,Lavender Lutz,18.72,F,,,https://www.instagram.com/p/DHrc6wZPzTs/,,,,,,,,,,,,,
,RINO,Jared Komatz,19.83,F,,,,Ryan Ford,,,,,,,,,,,,
,RINO,Mel McQueen,20.53,F,,,,Ryan Ford,,,,,,,,,,,,
,RINO,Lana Cherney,22.77,F,,,,,,,,,,,,,,,,
,RINO,Vanessa Sherk,27.00,F,,,https://www.instagram.com/p/DHhhnhXMNTQ/,,,,,,,,,,,,,
,RINO,Amy Jepsen,27.58,F,,,https://www.instagram.com/p/DGwxcNvNK49/,,,,,,,,,,,,,
,RINO,Autumn Goodridge,29.58,F,,,https://www.instagram.com/p/DGw8VKNMo6T/,,,,,,,,,,,,,
,HILL,Van Beyer,16.21,M,,,,,,,,,,,,,,,,
,HILL,John Lunsford,18.46,M,,,,Ryan Ford,,,,,,,,,,,,
,HILL,Kyle Sherk,28.81,M,,,,,,,,,,,,,,,,
,HILL,Bekah Jackson,19.48,F,,,https://youtube.com/shorts/ya54KIIWZwE,Ryan Ford,,,,,,,,,,,,
,HILL,Vanessa Sherk,51.18,F,,,https://www.instagram.com/p/DMV4Sr0vgri/,Ryan Ford,,,,,,,,,,,,
,IRON WORKS,Tomasz Dąbrowski,10.46,M,,,,,,,,,,,,,,,,
,IRON WORKS,Bekah Jackson,10.55,M,,,,Ryan Ford,,,,,,,,,,,,
,IRON WORKS,Jess Chan,11.23,M,,,,Ryan Ford,,,,,,,,,,,,
,CHAPU 1,Leon van der Zouwen,15.04,M,,,https://youtube.com/shorts/XMSIzE1EuWQ,Ryan Ford,,,,,,,,,,,,
,CHAPU 1,Ariel Vasquez Perez,16.13,M,,,,Ryan Ford,,,,,,,,,,,,
,CHAPU 1,Andrés Gutzen,16.97,M,,,,Ryan Ford,,,,,,,,,,,,
,CHAPU 1,Samuel Navarro Rivera,19.42,M,,,,Ryan Ford,,,,,,,,,,,,
,CHAPU 1,Ryan Ford,23.37,M,,,,Taylor Carpenter,,,,,,,,,,,,
,CHAPU 1,Luciana San Martín,32.07,F,,,,Ryan Ford,,,,,,,,,,,,
,CHAPU 2,Leon van der Zouwen,10.25,M,,,https://youtube.com/shorts/tmXd_mgdMoQ,Ryan Ford,,,,,,,,,,,,
,CHAPU 2,Ryan Ford,12.46,M,,,,Taylor Carpenter,,,,,,,,,,,,
,BENEFICENCIA,Nate Rolon,17.37,M,,,,Ryan Ford,,,,,,,,,,,,
,BENEFICENCIA,Kevin,20.88,M,,,,Ryan Ford,,,,,,,,,,,,
,BENEFICENCIA,Diego,21.12,M,,,,Ryan Ford,,,,,,,,,,,,
,BENEFICENCIA,Jeanpi,21.68,M,,,,Ryan Ford,,,,,,,,,,,,
,BENEFICENCIA,Juan Candelario,21.79,M,,,,Ryan Ford,,,,,,,,,,,,
,BENEFICENCIA,Joel Rivera,22.58,M,,,,Ryan Ford,,,,,,,,,,,,
,BENEFICENCIA,Ryan Ford,25.27,M,,,,Taylor Carpenter,,,,,,,,,,,,
,BENEFICENCIA,Gabriel,28.21,M,,,,Ryan Ford,,,,,,,,,,,,
,BENEFICENCIA,Thalia Rivera,27.85,F,,,,Ryan Ford,,,,,,,,,,,,
,DAIRY,Alex Shackleton,9.96,F,,,https://youtube.com/shorts/niC8PAoiwdQ,Ryan Ford,,,,,,,,,,,,
,DAIRY,Scott Bringe,10.97,F,,,,Ryan Ford,,,,,,,,,,,,
,DAIRY,Nicholas Van Swol,16.25,F,,,,Ryan Ford,,,,,,,,,,,,
,DAIRY,Jared Ching,18.88,M,,,,Ryan Ford,,,,,,,,,,,,
,DAIRY,Di Li,47.93,M,,,,Ryan Ford,,,,,,,,,,,,
,DAIRY,Jane Bellousov,16.12,F,,,,Ryan Ford,,,,,,,,,,,,
,NEZAHUALCÓYOTL,Leon van der Zouwen,11.80,M,,,https://youtube.com/shorts/jykJ-UKZlm8,Ryan Ford,,,,,,,,,,,,
,NEZAHUALCÓYOTL,César Marcos,12.17,M,,,https://www.instagram.com/p/DIC1ZZLtpC4/,Ryan Ford,,,,,,,,,,,,
,NEZAHUALCÓYOTL,Fabian Castany,14.74,M,,,,Ryan Ford,,,,,,,,,,,,
,NEZAHUALCÓYOTL,Ryan Ford,17.94,F,,,,Taylor Carpenter,,,,,,,,,,,,
,NEZAHUALCÓYOTL,Norberto Jiménez,20.86,F,,,,Ryan Ford,,,,,,,,,,,,
,NEZAHUALCÓYOTL,Christian Greene,21.56,F,,,,Ryan Ford,,,,,,,,,,,,
,NEZAHUALCÓYOTL,Taylor Carpenter,17.70,F,,,,Ryan Ford,,,,,,,,,,,,
,NEZAHUALCÓYOTL,Emilia Francois,25.90,F,,,,Leon van der Zouwen,,,,,,,,,,,,
,AURARIA 1,Austin Lutz,8.36,M,,,,,,,,,,,,,,,,
,AURARIA 1,Olof Wood,8.46,M,,,https://youtube.com/shorts/m32IxprVckw,Ryan Ford,,,,,,,,,,,,
,AURARIA 1,Caleb Bergstrom,8.74,M,,,,Ryan Ford,,,,,,,,,,,,
,AURARIA 1,Kaden Lebsack,9.57,M,,,,Ryan Ford,,,,,,,,,,,,
,AURARIA 1,Max Feinberg,10.33,M,,,,Ryan Ford,,,,,,,,,,,,
,AURARIA 1,Forest Fleet,10.36,M,,,,,,,,,,,,,,,,
,AURARIA 1,John Lunsford,10.71,M,,,,Ryan Ford,,,,,,,,,,,,
,AURARIA 1,Ryan Ford,11.16,M,,,,Taylor Carpenter,,,,,,,,,,,,
,AURARIA 1,Felix de Rosa,11.46,M,,,,Ryan Ford,,,,,,,,,,,,
,AURARIA 1,Kyle Sherk,13.51,M,,,,,,,,,,,,,,,,
,AURARIA 1,Nakita Harding,14.73,F,,,,Ryan Ford,,,,,,,,,,,,
,AURARIA 1,Jared Komatz,16.34,F,,,,Ryan Ford,,,,,,,,,,,,
,AURARIA 1,Vanessa Sherk,20.35,F,,,,,,,,,,,,,,,,
,AURARIA 1,Lana Cherney,20.39,F,,,,,,,,,,,,,,,,
,AURARIA 1,Lavender Lutz,20.44,F,,,,,,,,,,,,,,,,
,AURARIA 1,Amy Jepsen,21.35,F,,,,Ryan Ford,,,,,,,,,,,,
,CUSCATLÁN 1,Leon van der Zouwen,9.42,M,,,,,,,,,,,,,,,,
,TIVOLI,Ryan Ford,10.92,M,,,,Taylor Carpenter,,,,,,,,,,,,
,TIVOLI,Taylor Carpenter,11.63,F,,,https://youtube.com/shorts/dQEPsjsyRTU,Ryan Ford,,,,,,,,,,,,
,TIVOLI,Amy Jepsen,33.65,F,,,https://www.instagram.com/p/DKNts92Ny0D/,Ryan Ford,,,,,,,,,,,,
,KAOS,Leon van der Zouwen,14.08,M,,,,Emilia,,,,,,,,,,,,
,KAOS,Pedro Velus,15.36,M,,,,,,,,,,,,,,,,
,KAOS,Matt Jang,18.35,M,,,https://www.instagram.com/p/DLhSfJ7No2P/,,,,,,,,,,,,,
,KAOS,Emilia Francois,25.54,F,,,,Leon van der Zouwen,,,,,,,,,,,,
,CORDATA,Rafe Kelley,17.25,M,,,https://youtube.com/shorts/AyYI-RsYo9o,Ryan Ford,,,,,,,,,,,,
,CORDATA,Ryan Ford,17.35,M,,,,,,,,,,,,,,,,
,CORDATA,Dane Vennewitz,17.93,M,,,,Ryan Ford,,,,,,,,,,,,
,CORDATA,Taylor Carpenter,20.02,F,,,https://youtube.com/shorts/lMEa5a8Vq_0,Ryan Ford,,,,,,,,,,,,
,TP,Leon van der Zouwen,9.00,M,,,,Emilia,,,,,,,,,,,,
,TP,Pedro Velus,9.77,M,,,,,,,,,,,,,,,,
,TP,Emilia Francois,17.90,F,,,,Leon van der Zouwen,,,,,,,,,,,,
,PALI,Liam Kim,11.50,M,,,https://youtube.com/shorts/Be_3lirxnAo,,,,,,,,,,,,,
,PALI,Roland Turner,11.71,M,,,https://www.instagram.com/p/DFENNEgStjU/,,,,,,,,,,,,,
,PALI,Parker Krueger,12.67,M,,,https://www.instagram.com/p/DGB4pIOSzvE/,,,,,,,,,,,,,
,PALI,Bobby Houser,12.91,M,,,,,,,,,,,,,,,,
,PALI,Matt Jang,12.92,M,,,https://youtube.com/shorts/hZR7uopJRQA,,,,,,,,,,,,,
,PALI,Andrew Cavuto,13.38,M,,,,,,,,,,,,,,,,
,PALI,Evan Wilson,14.38,M,,,,,,,,,,,,,,,,
,TÓTEM,Jean Sánchez,21.13,M,,,https://youtube.com/shorts/Ng2rGkX61iE,Ryan Ford,,,,,,,,,,,,
,TÓTEM,Nate Rolon,23.71,M,,,,Ryan Ford,,,,,,,,,,,,
,TÓTEM,Taylor Carpenter,32.33,F,,,https://youtube.com/shorts/bxZeY8EVW2U,Ryan Ford,,,,,,,,,,,,
,COLISEO,Nate Rolon,21.23,M,,,https://youtube.com/shorts/-hcdRov1uhk,Ryan Ford,,,,,,,,,,,,
,COLISEO,Taylor Carpenter,25.97,F,,,https://youtube.com/shorts/Dvg-cEmDYCw,Ryan Ford,,,,,,,,,,,,
,PARCUR,Leon van der Zouwen,9.45,M,,,https://youtube.com/shorts/U1hagnps8sk,Ryan Ford,,,,,,,,,,,,
,PARCUR,Bollo Talavera,9.82,M,,,,Ryan Ford,,,,,,,,,,,,
,PARCUR,Carlos Robledo Cardenas,10.58,M,,,,Ryan Ford,,,,,,,,,,,,
,PARCUR,Jair Guerra,10.69,M,,,,Ryan Ford,,,,,,,,,,,,
,PARCUR,Christian Greene,16.16,M,,,,Ryan Ford,,,,,,,,,,,,
,PARCUR,Taylor Carpenter,15.10,F,,,https://youtube.com/shorts/XedAutRpQ_o,Ryan Ford,,,,,,,,,,,,
,PARCUR,Lily Carbajal,30.45,F,,,,Ryan Ford,,,,,,,,,,,,
,PARCUR,Emilia Francois,33.67,F,,,,Ryan Ford,,,,,,,,,,,,
,ATLANTIS,Andrés Fierro,7.95,M,,,https://youtube.com/shorts/i1-eu_9672w,Ryan Ford,,,,,,,,,,,,
,ATLANTIS,Andrés Gutzen,10.08,M,,,,Ryan Ford,,,,,,,,,,,,
,ATLANTIS,Ryan Ford,10.67,M,,,,Taylor Carpenter,,,,,,,,,,,,
,ATLANTIS,Christian Greene,15.80,M,,,,Ryan Ford,,,,,,,,,,,,
,ATLANTIS,Taylor Carpenter,11.45,F,,,https://youtube.com/shorts/OF0mAtMVXfU,Ryan Ford,,,,,,,,,,,,
,UH1,Michael Guerrero,8.15,M,,,,,,,,,,,,,,,,
,UH1,Liam Kim,8.54,M,,,https://youtube.com/shorts/eDBW15WT7Lg,Ryan Ford,,,,,,,,,,,,
,UH1,Bobby Houser,8.64,M,,,,,,,,,,,,,,,,
,UH1,Andrew Cavuto,9.95,M,,,,Ryan Ford,,,,,,,,,,,,
,UH1,Parker Krueger,10.31,M,,,https://www.instagram.com/p/DPADEYRkqex/,Ryan Ford,,,,,,,,,,,,
,UH1,Matt Jang,10.78,M,,,,Ryan Ford,,,,,,,,,,,,
,UH1,Evan Wilson,11.44,M,,,,,,,,,,,,,,,,
,UH1,Ryan Ford,15.54,M,,,,Taylor Carpenter,,,,,,,,,,,,
,UH1,Ilja Kocken,16.19,M,,,,,,,,,,,,,,,,
,UH1,Taylor Carpenter,13.33,F,,,https://youtube.com/shorts/xvZjVaPLUZA,Ryan Ford,,,,,,,,,,,,
,PCHS,Elias Fonseca,10.55,M,,,https://youtube.com/shorts/icurXwXEIIM,,,,,,,,,,,,,
,PCHS,Liam Kim,11.47,M,,,,,,,,,,,,,,,,
,PCHS,Bobby Houser,13.09,M,,,,,,,,,,,,,,,,
,PCHS,Parker Krueger,14.41,M,,,https://www.instagram.com/p/DOuK7vokrAZ/,,,,,,,,,,,,,
,PCHS,Evan Wilson,15.65,M,,,,,,,,,,,,,,,,
,PCRC,Bobby Houser,10.98,M,,,,,,,,,,,,,,,,
,PCRC,Roland Turner,11.16,M,,,,,,,,,,,,,,,,
,PCRC,Evan Wilson,12.17,M,,,,,,,,,,,,,,,,
,PCRC,Parker Krueger,12.78,M,,,https://www.instagram.com/p/DPPHpRKEoi9/,,,,,,,,,,,,,
,UH3,Michael Guerrero,9.46,M,,,,,,,,,,,,,,,,
,UH3,Alana Hart,19.75,F,,,,,,,,,,,,,,,,
,JEFFERSON,Jupiter Ceilidh,9.42,M,,,,,,,,,,,,,,,,
,JEFFERSON,Matt Waite,13.84,M,,,,,,,,,,,,,,,,
,IRVING,Benati Louvouezo,10.69,M,,,,,,,,,,,,,,,,
,IRVING,Jason Budd,11.04,M,,,,,,,,,,,,,,,,
,IRVING,Teague Harvey,13.50,M,,,,,,,,,,,,,,,,
,IRVING,Matt Waite,15.69,M,,,,,,,,,,,,,,,,
,LVCH,Joey Jepsen,10.37,M,,,https://youtube.com/shorts/Zp5tAyGDf7Y,Ryan Ford,,,,,,,,,,,,
,TOWNSHIP 9,Joe Unruh,14.58,M,,,https://youtube.com/shorts/Gw6UaF2FvcI,,,,,,,,,,,,,
,CPRC 2,Amy Jepsen,37.86,F,,,,Ryan Ford,,,,,,,,,,,,
,VILLARROEL,Mato Demoth,13.37,M,,,,,,,,,,,,,,,,
,LINEAL,Nate Rolon,19.11,M,,,,Ryan Ford,,,,,,,,,,,,
,VÓRTICE,Jean Sánchez,18.46,M,,,,Ryan Ford,,,,,,,,,,,,
,BAUTISTA,Jean Sánchez,12.89,M,,,,Ryan Ford,,,,,,,,,,,,
,LOS CABOS,Olof Wood,15.15,M,,,,,,,,,,,,,,,,
,FREEWAY 3,Scott Bringe,16.92,M,,,https://youtube.com/shorts/EkHWjdlpyZE,Ryan Ford,,,,,,,,,,,,
,SHERWOOD,Taylor Carpenter,13.24,F,,,,Ryan Ford,,,,,,,,,,,,
,PROGRESS,Taylor Carpenter,10.67,F,,,https://youtube.com/shorts/Bd_8j2JJvbg,Ryan Ford,,,,,,,,,,,,
,CSN,Joey Jepsen,15.90,M,,,https://youtube.com/shorts/QMf78AzrDmI,Ryan Ford,,,,,,,,,,,,
,NSU,Joey Jepsen,9.79,M,,,https://youtube.com/shorts/v7IAh_QM83s,Ryan Ford,,,,,,,,,,,,
,HCH,Joey Jepsen,8.05,M,,,https://youtube.com/shorts/QfpmETL8sZM,Ryan Ford,,,,,,,,,,,,
,COTTONWOOD 2,Olof Wood,18.59,M,,,,,,,,,,,,,,,,
,UMKC,Elijah van der Vyver,?,M,,,,,,,,,,,,,,,,
,UMKC,Joel Hendricks,?,M,,,,,,,,,,,,,,,,
,UMKC,Greg Zamora,?,M,,,,,,,,,,,,,,,,
,UU3,Benati Louvouezo,8.15,M,,,,,,,,,,,,,,,,
,GAS WORKS 1,Alex Shackleton,11.55,M,,,https://youtube.com/shorts/L8A8FSy2yj8,Ryan Ford,,,,,,,,,,,,
,GAS WORKS 1,Ryan Ford,15.42,M,,,,Taylor Carpenter,,,,,,,,,,,,
,GAS WORKS 1,Nicholas Van Swol,16.08,M,,,,Ryan Ford,,,,,,,,,,,,
,GAS WORKS 1,Di Li,39.77,M,,,,Ryan Ford,,,,,,,,,,,,
,GREEN LAKE,Alex Shackleton,10.93,M,,,https://youtube.com/shorts/nI0DNrSGAs4,Ryan Ford,,,,,,,,,,,,
,GREEN LAKE,Ryan Ford,15.55,M,,,,Taylor Carpenter,,,,,,,,,,,,
,SFU,Joey Jepsen,9.55,M,,,https://youtube.com/shorts/xmRqnEsvPD0,Ryan Ford,,,,,,,,,,,,
,LAM,Benati Louvouezo,15.87,M,,,https://youtube.com/shorts/2_Oq5wK-Z88,Ryan Ford,,,,,,,,,,,,
,LAM,Di Li,40.36,M,,,,Ryan Ford,,,,,,,,,,,,
,AUCOIN,Benati Louvouezo,16.96,M,,,https://youtube.com/shorts/eSmkucIz1fM,Ryan Ford,,,,,,,,,,,,
,AUCOIN,Saben Schulfer,17.88,M,,,,Ryan Ford,,,,,,,,,,,,
,AUCOIN,Ryan Ford,24.50,M,,,https://www.instagram.com/p/DPhbgUOkXQQ/,Saben Schulfer,,,,,,,,,,,,
,AUCOIN,Taylor Carpenter,21.54,F,,,https://youtube.com/shorts/gr8ZTgffhO0,Ryan Ford,,,,,,,,,,,,
,LOHS,Jupiter Ceilidh,8.31,M,,,,,,,,,,,,,,,,
,LUTHER BURBANK,Scott Bringe,13.26,M,,,https://youtube.com/shorts/KmdOXNOMBkw,Ryan Ford,,,,,,,,,,,,
,LUTHER BURBANK,Nicholas Van Swol,25.90,M,,,,Ryan Ford,,,,,,,,,,,,
,LUTHER BURBANK,Jane Bellousov,19.61,F,,,,Ryan Ford,,,,,,,,,,,,
,LABYRINTH,Pedro Velus,13.48,M,,,https://youtube.com/shorts/2MlYBfKZEXY,Ryan Ford,,,,,,,,,,,,
,LABYRINTH,Martim Almeida,18.30,M,,,,Ryan Ford,,,,,,,,,,,,
,LABYRINTH,Dean Philp,18.90,M,,,https://www.instagram.com/p/DKsWyKLMenX/,Ryan Ford,,,,,,,,,,,,
,PAINTED STAIRS,Kaden Lebsack,13.76,M,,,,,,,,,,,,,,,,
,PAINTED STAIRS,Max Feinberg,15.31,M,,,,,,,,,,,,,,,,
,PAINTED STAIRS,Cosmo Palmer,17.96,M,,,,,,,,,,,,,,,,
,HORTA 1,Emilia Francois,39.86,F,,,,Leon van der Zouwen,,,,,,,,,,,,
,UH2,Roland Turner,8.20,M,,,,,,,,,,,,,,,,
,JACKSONVILLE,Max Calderon,13.80,M,,,,,,,,,,,,,,,,
,JACKSONVILLE,Anthony Walker,14.45,M,,,,,,,,,,,,,,,,
,JACKSONVILLE,Santi Silva,14.53,M,,,,,,,,,,,,,,,,
,JACKSONVILLE,Liam Ussery,17.75,M,,,,,,,,,,,,,,,,
,OLDE TOWN,Joey Jepsen,11.11,M,,,https://youtube.com/shorts/iloKef3zqj8,Ryan Ford,,,,,,,,,,,,
,CUSCATLÁN 2,Leon van der Zouwen,14.81,M,,,,,,,,,,,,,,,,
,CUSCATLÁN 3,Leon van der Zouwen,15.14,M,,,,,,,,,,,,,,,,
,CUSCATLÁN 3,Eric Summers,20.42,M,,,,,,,,,,,,,,,,
,UNAM 2,Arturo Camarena Torres,9.06,M,,,,,,,,,,,,,,,,
,UNAM 2,Temich,9.55,M,,,,Ryan Ford,,,,,,,,,,,,
,UNAM 2,Adrian Flores,9.80,M,,,,Ryan Ford,,,,,,,,,,,,
,UNAM 2,Mauricio Larrauri,9.84,M,,,,Ryan Ford,,,,,,,,,,,,
,UNAM 2,Andrés Gutzen,10.06,M,,,,Ryan Ford,,,,,,,,,,,,
,UNAM 1,Temich,15.43,M,,,,Ryan Ford,,,,,,,,,,,,
,UNAM 1,Andrés Gutzen,15.87,M,,,,Ryan Ford,,,,,,,,,,,,
,UNAM 1,Mauricio Alvarez Medina,16.83,M,,,,Ryan Ford,,,,,,,,,,,,
,UNAM 1,Adrian Flores,17.49,M,,,,Ryan Ford,,,,,,,,,,,,
,UNAM 1,Christian Greene,21.87,M,,,,Ryan Ford,,,,,,,,,,,,
,UNAM 1,Luciana San Martín,25.30,F,,,,Ryan Ford,,,,,,,,,,,,
,CRI CRI,Andrés Fierro,11.25,M,,,https://youtube.com/shorts/S8mPXuHz2zQ,Ryan Ford,,,,,,,,,,,,
,CRI CRI,Fabian Castany,14.65,M,,,,Ryan Ford,,,,,,,,,,,,
,CRI CRI,Ryan Ford,19.59,M,,,,Taylor Carpenter,,,,,,,,,,,,
,CRI CRI,Ella Bucio,17.18,F,,,https://youtube.com/shorts/QxLmo_vz2Gw,Ryan Ford,,,,,,,,,,,,
,CRI CRI,Emilia Francois,38.64,F,,,,Leon van der Zouwen,,,,,,,,,,,,
,PRADOS,Andrés Fierro,13.67,M,,,https://youtube.com/shorts/Di1fXgSQxx4,Ryan Ford,,,,,,,,,,,,
,PRADOS,Jair Guerra,16.17,M,,,,Ryan Ford,,,,,,,,,,,,
,PRADOS,Ryan Ford,24.81,M,,,,Taylor Carpenter,,,,,,,,,,,,
,BOHEMIO,Ryan Ford,20.35,M,,,https://youtube.com/shorts/E6RWUTezUvI,Taylor Carpenter,,,,,,,,,,,,
,BOHEMIO,Manuel Flores Ochoa,21.85,M,,,,Ryan Ford,,,,,,,,,,,,
,BOHEMIO,Ramsés Toledo,22.09,M,,,,Ryan Ford,,,,,,,,,,,,
,BOHEMIO,Taylor Carpenter,20.72,F,,,,Ryan Ford,,,,,,,,,,,,
,BOHEMIO,Sofía Labarte,38.73,F,,,,Ryan Ford,,,,,,,,,,,,
,FOLK,Ramsés Toledo,24.02,M,,,,Ryan Ford,,,,,,,,,,,,
,FOLK,Ryan Ford,25.55,M,,,,Taylor Carpenter,,,,,,,,,,,,
,FOLK,Manuel Flores Ochoa,26.66,M,,,,Ryan Ford,,,,,,,,,,,,
,FOLK,Karim,86.80,M,,,,Ryan Ford,,,,,,,,,,,,
,KAPI'OLANI,Liam Kim,9.33,M,,,https://youtube.com/shorts/FRG063nf1Zw,Ryan Ford,,,,,,,,,,,,
,KAPI'OLANI,Elias Fonseca,9.34,M,,,,,,,,,,,,,,,,
,KAPI'OLANI,Roland Turner,9.37,M,,,,Ryan Ford,,,,,,,,,,,,
,KAPI'OLANI,Parker Krueger,10.50,M,,,https://www.instagram.com/p/DPw3tsPEYZY/,Ryan Ford,,,,,,,,,,,,
,KAPI'OLANI,Bobby Houser,10.75,M,,,,,,,,,,,,,,,,
,KAPI'OLANI,Evan Wilson,12.95,M,,,,,,,,,,,,,,,,
,KAPI'OLANI,Ryan Matsumoto,29.30,M,,,,Ryan Ford,,,,,,,,,,,,
,KAPI'OLANI,Alana Hart,19.88,F,,,,Ryan Ford,,,,,,,,,,,,
,WALLACE 2,Max Calderon,23.84,M,,,https://youtube.com/shorts/27zlLzOCAaU,,,,,,,,,,,,,
,WALLACE 2,Anthony Walker,29.99,M,,,,,,,,,,,,,,,,
,WALLACE 2,Wyatt Marvil,43.20,M,,,,,,,,,,,,,,,,
,WALLACE 2,Sriniketh Chakilam,75.43,M,,,,,,,,,,,,,,,,
,GDAŃSK,Paweł Furmański,14.81,M,,,https://youtube.com/shorts/4RiVp1sWYlU,,,,,,,,,,,,,
,GDAŃSK,Bartosz Chajnow,16.19,M,,,,,,,,,,,,,,,,
,GDAŃSK,Erik Modzolewski,16.40,M,,,,,,,,,,,,,,,,
,GDAŃSK,Krzysztof Skoczylas,16.51,M,,,,,,,,,,,,,,,,
,KĀNEWAI,Roland Turner,14.60,M,,,,,,,,,,,,,,,,
,KĀNEWAI,Andrew Cavuto,14.88,M,,,https://youtube.com/shorts/R4ih4GLn2M0,,,,,,,,,,,,,
,KĀNEWAI,Matt Jang,16.22,M,,,,,,,,,,,,,,,,
,KĀNEWAI,Bobby Houser,18.11,M,,,,,,,,,,,,,,,,
,KĀNEWAI,Parker Krueger,19.53,M,,,,,,,,,,,,,,,,
,KĀNEWAI,Evan Wilson,19.58,M,,,,,,,,,,,,,,,,
,KAKA'AKO,Bobby Houser,12.27,M,,,,,,,,,,,,,,,,
,KAKA'AKO,Parker Krueger,12.80,M,,,,,,,,,,,,,,,,
,KAKA'AKO,Evan Wilson,13.76,M,,,,,,,,,,,,,,,,
,MAKAPU'U,Liam Kim,11.46,M,,,https://www.youtube.com/shorts/U71M_fNgsNk,Ryan Ford,,,,,,,,,,,,
,MAKAPU'U,Roland Turner,11.76,M,,,,,,,,,,,,,,,,
,MAKAPU'U,Elias Fonseca,11.87,M,,,,,,,,,,,,,,,,
,MAKAPU'U,Bobby Houser,12.70,M,,,,,,,,,,,,,,,,
,MAKAPU'U,Matt Jang,12.96,M,,,,Ryan Ford,,,,,,,,,,,,
,MAKAPU'U,Evan Wilson,13.91,M,,,,,,,,,,,,,,,,
,MAKAPU'U,Parker Krueger,14.20,M,,,https://www.instagram.com/p/DPpFYcHkiMZ/,,,,,,,,,,,,,
,MAKAPU'U,Taylor Carpenter,18.10,F,,,https://www.youtube.com/shorts/7s7bWuwWjCw,Ryan Ford,,,,,,,,,,,,
,MAKAPU'U,Alana Hart,22.33,F,,,,Ryan Ford,,,,,,,,,,,,
,DRINKWATER,Jesse Eging,20.84,M,,,,,,,,,,,,,,,,
,DRINKWATER,Dylan ?,24.15,M,,,,,,,,,,,,,,,,
,SPEEDWAY,Amy Jepsen,28.46,F,,,,Ryan Ford,,,,,,,,,,,,
,HARRISON,Austin Scott,15.57,M,,,,,,,,,,,,,,,,
,HARRISON,Max Calderon,16.89,M,,,,Ryan Ford,,,,,,,,,,,,
,SEWELL,Max Calderon,11.57,M,,,https://youtube.com/shorts/LHCBug8BotE,,,,,,,,,,,,,
,SEWELL,Austin Scott,11.77,M,,,,,,,,,,,,,,,,
,SEWELL,Sriniketh Chakilam,23.91,M,,,,,,,,,,,,,,,,
,NOGUCHI,Max Calderon,12.80,M,,,,Shyam Narasimhan,,,,,,,,,,,,
,NOGUCHI,Shyam Narasimhan,32.72,M,,,,Max Calderon,,,,,,,,,,,,
,VINE CITY,Austin Scott,13.67,M,,,,Max Calderon,,,,,,,,,,,,
,VINE CITY,Max Calderon,14.30,M,,,,Austin Scott,,,,,,,,,,,,
,NELSON-SHELL,Austin Scott,26.25,M,,,,Ryan Ford,,,,,,,,,,,,
,NELSON-SHELL,Max Calderon,26.47,M,,,,Ryan Ford,,,,,,,,,,,,
,NELSON-SHELL,Sriniketh Chakilam,64.51,M,,,,Ryan Ford,,,,,,,,,,,,
,HARBOURFRONT 2,Olof Wood,14.22,M,,,https://youtube.com/shorts/fa4XH7hWrEE,Ryan Ford,,,,,,,,,,,,
,BAHEN,Olof Wood,14.25,M,,,https://youtube.com/shorts/HBIyFx-ogzA,Ryan Ford,,,,,,,,,,,,
,MILLER,Kaden Lebsack,15.37,M,,,,Max Feinberg,,,,,,,,,,,,
,MILLER,Max Feinberg,15.91,M,,,,Kaden Lebsack,,,,,,,,,,,,
,MILLER,Kyle Sherk,22.13,M,,,,,,,,,,,,,,,,
,MILLER,Vanessa Sherk,40.36,F,,,,,,,,,,,,,,,,
,FESTIVAL,Kaden Lebsack,13.85,M,,,,Ryan Ford,,,,,,,,,,,,
,FESTIVAL,Joey Jepsen,14.04,M,,,https://youtube.com/shorts/IcdAYYe4lM0,Ryan Ford,,,,,,,,,,,,
,FESTIVAL,Olof Wood,14.33,M,,,,Ryan Ford,,,,,,,,,,,,
,FESTIVAL,Max Feinberg,15.39,M,,,,Ryan Ford,,,,,,,,,,,,
,FESTIVAL,Jake McClintock,15.48,M,,,,,,,,,,,,,,,,
,FESTIVAL,Ryan Ford,20.84,M,,,,Olof Wood,,,,,,,,,,,,
,FESTIVAL,Taylor Carpenter,19.71,F,,,https://youtube.com/shorts/luwF4w6H6Es,Ryan Ford,,,,,,,,,,,,
,FESTIVAL,Amy Jepsen,74.29,F,,,,Ryan Ford,,,,,,,,,,,,
,WYOMING,Kaden Lebsack,10.14,M,,,,Max Feinberg,,,,,,,,,,,,
,WYOMING,Max Feinberg,11.42,M,,,,Kaden Lebsack,,,,,,,,,,,,
,WYOMING,Ryan Ford,17.75,M,,,,Joey Jepsen,,,,,,,,,,,,
,EAGLETON,Kaden Lebsack,11.88,M,,,,Max Feinberg,,,,,,,,,,,,
,EAGLETON,Max Feinberg,13.78,M,,,,Kaden Lebsack,,,,,,,,,,,,
,MEDICAL,Hunter Payton Mendoza,20.85,M,,,https://youtube.com/shorts/lsWwOHVXGEQ,Ryan Ford,,,,,,,,,,,,
,MEDICAL,Nicodemus Zicari,23.79,M,,,,Ryan Ford,,,,,,,,,,,,
,NEURO,Nicodemus Zicari,19.29,M,,,https://youtube.com/shorts/aPqXe0wcCWw,Ryan Ford,,,,,,,,,,,,
,NEURO,Ryan Ford,25.42,M,,,,Nicodemus Zicari,,,,,,,,,,,,
,C4C,Kaden Lebsack,8.63,M,,,,Ryan Ford,,,,,,,,,,,,
,C4C,Max Feinberg,10.37,M,,,,Ryan Ford,,,,,,,,,,,,
,C4C,Cosmo Palmer,10.74,M,,,,,,,,,,,,,,,,
,C4C,Derik Jepsen,24.61,M,,,,,,,,,,,,,,,,
,C4C,Taylor Carpenter,12.59,F,,,https://youtube.com/shorts/Ly4WPtrl4qo,Ryan Ford,,,,,,,,,,,,
,C4C,Amy Jepsen,42.17,F,,,,,,,,,,,,,,,,
,WILL VILL,Bear Schneider,9.70,M,,,https://youtube.com/shorts/7oHczwtE0G0,Ryan Ford,,,,,,,,,,,,
,WILL VILL,Ryan Ford,13.45,M,,,,Bear Schneider,,,,,,,,,,,,
,WILL VILL,Amy Jepsen,29.27,F,,,,Ryan Ford,,,,,,,,,,,,
,WEST,Joey Jepsen,10.29,M,,,,Ryan Ford,,,,,,,,,,,,
,WEST,Olof Wood,11.17,M,,,,Ryan Ford,,,,,,,,,,,,
,WEST,Kaden Lebsack,11.91,M,,,,Max Feinberg,,,,,,,,,,,,
,WEST,Max Feinberg,15.83,M,,,,Kaden Lebsack,,,,,,,,,,,,
,WEST,Ryan Ford,20.71,M,,,,Taylor Carpenter,,,,,,,,,,,,
,WEST,Taylor Carpenter,17.25,F,,,,Ryan Ford,,,,,,,,,,,,
,MINES 1,Olof Wood,9.35,M,,,https://youtube.com/shorts/4rzil-H_VGo,Ryan Ford,,,,,,,,,,,,
,MINES 1,Joey Jepsen,9.88,M,,,,Ryan Ford,,,,,,,,,,,,
,MINES 1,Kaden Lebsack,10.44,M,,,,Max Feinberg,,,,,,,,,,,,
,MINES 1,Seth Lambert,10.63,M,,,,,,,,,,,,,,,,
,MINES 1,Max Boice,11.47,M,,,https://youtube.com/shorts/w4Q5DGMAEJU,Ryan Ford,,,,,,,,,,,,
,MINES 1,Seth Wang,12.33,M,,,,Ryan Ford,,,,,,,,,,,,
,MINES 1,Max Feinberg,13.30,M,,,,Kaden Lebsack,,,,,,,,,,,,
,MINES 1,Taylor Carpenter,13.66,F,,,https://youtube.com/shorts/bleKuUf1XW8,Ryan Ford,,,,,,,,,,,,
,MINES 1,Amy Jepsen,38.35,F,,,,Ryan Ford,,,,,,,,,,,,
,WALLACE 1,Kaden Lebsack,11.50,M,,,,Max Feinberg,,,,,,,,,,,,
,WALLACE 1,Seth Wang,11.69,M,,,,Ryan Ford,,,,,,,,,,,,
,WALLACE 1,Finn Squires,12.42,M,,,,Ryan Ford,,,,,,,,,,,,
,WALLACE 1,Jason Budden,12.77,M,,,,,,,,,,,,,,,,
,WALLACE 1,Max Feinberg,13.64,M,,,,Kaden Lebsack,,,,,,,,,,,,
,WALLACE 1,Ryan Ford,15.81,M,,,,,,,,,,,,,,,,
,WALLACE 1,Pete Peterson,25.98,M,,,,,,,,,,,,,,,,
,WALLACE 1,Megan McQueen,15.72,F,,,https://youtube.com/shorts/bTwtOhqKGyw,Ryan Ford,,,,,,,,,,,,
,WALLACE 1,Amy Jepsen,55.39,F,,,,Ryan Ford,,,,,,,,,,,,
,MINES 2,Kaden Lebsack,11.71,M,,,,Max Feinberg,,,,,,,,,,,,
,MINES 2,Seth Lambert,11.81,M,,,,,,,,,,,,,,,,
,MINES 2,Max Boice,11.95,M,,,https://youtube.com/shorts/wvY-O7KentQ,Ryan Ford,,,,,,,,,,,,
,MINES 2,Max Feinberg,12.39,M,,,,Kaden Lebsack,,,,,,,,,,,,
,BANDSHELL,Joey Jepsen,13.73,M,,,https://youtube.com/shorts/quzuJLjxn-4,Ryan Ford,,,,,,,,,,,,
,BANDSHELL,John Lunsford,15.41,M,,,,Ryan Ford,,,,,,,,,,,,
,BANDSHELL,Ryan Ford,19.54,M,,,,Ryan Ford,,,,,,,,,,,,
,BANDSHELL,Peri,22.17,M,,,,Ryan Ford,,,,,,,,,,,,
,BANDSHELL,Taylor Carpenter,18.54,F,,,,Ryan Ford,,,,,,,,,,,,
,BANDSHELL,Vanessa Sherk,33.93,F,,,https://www.instagram.com/p/DJw_HPGPrrO/,,,,,,,,,,,,,
,BANDSHELL,Amy Jepsen,36.17,F,,,https://www.instagram.com/p/C9xehOWvMgR/,Ryan Ford,,,,,,,,,,,,
,RED ROCKS,Kaden Lebsack,10.31,M,,,,,,,,,,,,,,,,
,RED ROCKS,Olof Wood,10.45,M,,,,Ryan Ford,,,,,,,,,,,,
,RED ROCKS,Seth Lambert,11.34,M,,,,,,,,,,,,,,,,
,RED ROCKS,Max Feinberg,12.83,M,,,,,,,,,,,,,,,,
,UCCS,Kaden Lebsack,13.08,M,,,,,,,,,,,,,,,,
,UCCS,Max Feinberg,13.72,M,,,,,,,,,,,,,,,,
,CSU,Jesse Clark,20.64,M,,,,,,,,,,,,,,,,
,CSU,Gavin DeVries,26.90,M,,,,,,,,,,,,,,,,
,CSU,Josiah Schmidt,27.58,M,,,,,,,,,,,,,,,,
,CSU,Daniel King,28.11,M,,,,,,,,,,,,,,,,
,CSU,Erik Reynolds,29.33,M,,,,,,,,,,,,,,,,
,CSU,Olivier Laborde,45.65,M,,,,,,,,,,,,,,,,
,CSU,Robert Borno,47.33,M,,,,,,,,,,,,,,,,
,CSU,Ellison Carter,37.21,F,,,,,,,,,,,,,,,,
,CSU,Celina Ulrich,59.19,M,,,,,,,,,,,,,,,,
,AURARIA 2,Kaden Lebsack,29.23,M,,,,,,,,,,,,,,,,
,AURARIA 2,Max Feinberg,35.63,M,,,,,,,,,,,,,,,,
,AURARIA 2,Lana Cherney,61.00,F,,,,,,,,,,,,,,,,
,TUNNELS,Joey Jepsen,11.87,M,,,https://youtube.com/shorts/p9AI2rh6sro,Ryan Ford,,,,,,,,,,,,
,TUNNELS,Malachi Goodridge,15.92,M,,,,Ryan Ford,,,,,,,,,,,,
,TUNNELS,Taylor Carpenter,14.75,F,,,https://youtube.com/shorts/1X9M-C-JtPk,Ryan Ford,,,,,,,,,,,,
,TUNNELS,Amy Jepsen,38.36,F,,,,Ryan Ford,,,,,,,,,,,,
,RAPID,Olof Wood,9.20,M,,,https://youtube.com/shorts/tM6Nzyv59bw,Michael Sliger,,,,,,,,,,,,
,BOUKAR,Saad Es-saidi,10.04,M,,,,,,,,,,,,,,,,
,JURONG,Koh Chen Pin,20.21,M,,,,,,,,,,,,,,,,
,ANBAR,Saad Es-saidi,19.94,M,,,,,,,,,,,,,,,,
,CASABLANCA,Saad Es-saidi,19.94,M,,,https://youtube.com/shorts/6fweA9nL6vI,,,,,,,,,,,,,
,TOLERÀNCIA,Taylor Carpenter,20.62,F,,,https://youtube.com/shorts/oo2mJ6lIgu4,Ryan Ford,,,,,,,,,,,,